模型,输入方案,维数,输入列减少比例,训练总时间倍数,测试总时间倍数,Macro-F1变化,攻击召回率变化
DT,Original,88,0.0,1.0,1.0,0.0,0.0
DT,FS,10,0.8863636363636364,0.2536695448551463,0.438813352408252,-0.15745066490970483,-0.2266606678021661
DT,PCA,10,0.8863636363636364,1.913826245582669,1.3463781610803018,-0.12192787943996619,-0.13619564868078549
DT,FS,33,0.625,0.4546642175716973,1.1887940453325534,-0.1414098053002274,-0.17964456727833666
DT,PCA,33,0.625,2.531420256515296,1.0716669789044142,-0.10851284036831987,-0.13233923578751172
DT,FS,45,0.48863636363636365,0.5826113236269264,1.803603227237806,-0.12281023622780196,-0.1358100073914581
DT,PCA,45,0.48863636363636365,3.169731366289927,1.3338836438494732,-0.024765997398883743,-0.009416074814410202
DT,FS,69,0.21590909090909094,1.1407524417691586,2.3980627857534915,-0.0069311160053068255,-0.01195487996914879
DT,PCA,69,0.21590909090909094,6.619656588574205,1.9770914950482612,0.0013327461955715547,0.002088890317189951
DT,PCA,88,0.0,7.00541585408918,2.6140796929119836,0.0013044622923064075,0.0018960696725262016
RF,Original,88,0.0,1.0,1.0,0.0,0.0
RF,FS,10,0.8863636363636364,0.5402795002524401,0.6940647983604935,-0.116012148791522,-0.44670116013754535
RF,PCA,10,0.8863636363636364,1.0993332123098998,0.8497203246857183,-0.046837146220089165,-0.1371597519041039
RF,FS,33,0.625,0.7268429725817388,0.8262674481585396,-0.10548724024503464,-0.42545875245042897
RF,PCA,33,0.625,1.3536638473971396,0.7987672699897953,-0.03360790773769051,-0.1379953080309798
RF,FS,45,0.48863636363636365,0.8394170818639484,0.9493938155100844,-0.05209160997137219,-0.11909888485393838
RF,PCA,45,0.48863636363636365,1.5726646618469216,0.8559626706508291,-0.033457679003534246,-0.1379953080309798
RF,FS,69,0.21590909090909094,1.075858103021707,1.178455349757357,-0.04680808712677398,-0.1063405855320243
RF,PCA,69,0.21590909090909094,2.1171037580227,1.071319530667392,-0.017354146189984654,-0.1351351351351351
RF,PCA,88,0.0,2.580439393291932,1.2939700476012959,-0.016156807618617153,-0.13642060609955975
