模型,输入方案,维数,新增误报,纠正误报,误报净变化,新增漏报,纠正漏报,漏报净变化
DT,FS,10,6826,668,6158,7116,63,7053
DT,PCA,10,6824,564,6260,4314,76,4238
DT,FS,33,7019,560,6459,5671,81,5590
DT,PCA,33,5751,601,5150,4202,84,4118
DT,FS,45,6918,561,6357,4308,82,4226
DT,PCA,45,2062,182,1880,567,274,293
DT,FS,69,394,187,207,440,68,372
DT,PCA,69,99,146,-47,174,239,-65
DT,PCA,88,93,144,-51,182,241,-59
RF,FS,10,11,6926,-6915,13900,0,13900
RF,PCA,10,1171,1715,-544,4275,7,4268
RF,FS,33,10,6929,-6919,13239,0,13239
RF,PCA,33,35,1847,-1812,4303,9,4294
RF,FS,45,1179,564,615,3722,16,3706
RF,PCA,45,28,1854,-1826,4302,8,4294
RF,FS,69,1092,507,585,3324,15,3309
RF,PCA,69,31,3245,-3214,4216,11,4205
RF,PCA,88,28,3400,-3372,4253,8,4245
