模型,输入方案,维数,TN,FP,FN,TP,正常误报率,攻击漏报率
DT,Original,88,51684,6707,464,30653,0.11486359199191656,0.014911463187325256
DT,FS,10,45526,12865,7517,23600,0.2203250500933363,0.24157213098949126
DT,PCA,10,45424,12967,4702,26415,0.22207189464129745,0.15110711186811068
DT,FS,33,45225,13166,6054,25063,0.2254799541025158,0.19455603046566186
DT,PCA,33,46534,11857,4582,26535,0.20306211573701427,0.14725069897483692
DT,FS,45,45327,13064,4690,26427,0.22373310955455464,0.1507214705787833
DT,PCA,45,49804,8587,757,30360,0.1470603346406124,0.024327538001735385
DT,FS,69,51477,6914,836,30281,0.11840865886866127,0.026866343156473953
DT,PCA,69,51731,6660,399,30718,0.11405867342569917,0.012822572870135296
DT,PCA,88,51735,6656,405,30712,0.11399016971793598,0.013015393514798985
RF,Original,88,44627,13764,407,30710,0.23572125841311162,0.013079667063020214
RF,FS,10,51542,6849,14307,16810,0.11729547361750954,0.4597808272005656
RF,PCA,10,45171,13220,4675,26442,0.22640475415731875,0.1502394189671241
RF,FS,33,51546,6845,13646,17471,0.11722696990974636,0.43853841951344924
RF,PCA,33,46439,11952,4701,26416,0.20468907879638987,0.15107497509400006
RF,FS,45,44012,14379,4113,27004,0.24625370348170095,0.13217855191695857
RF,PCA,45,46453,11938,4701,26416,0.2044493158192187,0.15107497509400006
RF,FS,69,44042,14349,3716,27401,0.24573992567347708,0.1194202525950445
RF,PCA,69,47841,10550,4612,26505,0.18067852922539432,0.14821480219815536
RF,PCA,88,47999,10392,4652,26465,0.1779726327687486,0.14950027316257994
