输入列名,原始列名,信息类别,当前输入含义,平均有符号相关,FS 10维,FS 33维,FS 45维,FS 69维
duration,duration,连接持续时间,数值：已做 Min-Max 缩放,0.02650164296396,未保留,未保留,未保留,保留
src_bytes,src_bytes,源端字节数,数值：已做 Min-Max 缩放,0.0229617770680893,未保留,未保留,未保留,保留
dst_bytes,dst_bytes,目标端字节数,数值：已做 Min-Max 缩放,0.0218673532818064,未保留,未保留,未保留,保留
missed_bytes,missed_bytes,遗漏字节数,数值：已做 Min-Max 缩放,0.0167835207899779,未保留,未保留,保留,保留
src_pkts,src_pkts,源端数据包数,数值：已做 Min-Max 缩放,0.0342870908045532,未保留,未保留,未保留,未保留
src_ip_bytes,src_ip_bytes,源端 IP 字节数,数值：已做 Min-Max 缩放,0.0287263986460433,未保留,未保留,未保留,保留
dst_pkts,dst_pkts,目标端数据包数,数值：已做 Min-Max 缩放,0.0322862174878299,未保留,未保留,未保留,未保留
dst_ip_bytes,dst_ip_bytes,目标端 IP 字节数,数值：已做 Min-Max 缩放,0.0316983118006294,未保留,未保留,未保留,未保留
dns_qclass,dns_qclass,DNS 查询与响应记录,数值：已做 Min-Max 缩放,0.0128847426063479,未保留,保留,保留,保留
dns_qtype,dns_qtype,DNS 查询与响应记录,数值：已做 Min-Max 缩放,0.0172701590267152,未保留,未保留,保留,保留
dns_rcode,dns_rcode,DNS 查询与响应记录,数值：已做 Min-Max 缩放,0.0200797567733645,未保留,未保留,未保留,保留
http_request_body_len,http_request_body_len,HTTP 请求与响应记录,数值：已做 Min-Max 缩放,0.0345383270569358,未保留,未保留,未保留,未保留
http_response_body_len,http_response_body_len,HTTP 请求与响应记录,数值：已做 Min-Max 缩放,0.029016362188868,未保留,未保留,未保留,保留
http_status_code,http_status_code,HTTP 请求与响应记录,数值：已做 Min-Max 缩放,0.061418798894253,未保留,未保留,未保留,未保留
dns_query,dns_query,DNS 查询与响应记录,二值：0 未提供取值，1 提供了取值,0.0276084424447099,未保留,未保留,未保留,保留
ssl_version,ssl_version,SSL 连接记录,二值：0 未提供取值，1 提供了取值,0.0374940401478934,未保留,未保留,未保留,未保留
ssl_cipher,ssl_cipher,SSL 连接记录,二值：0 未提供取值，1 提供了取值,0.0374940401478934,未保留,未保留,未保留,未保留
ssl_subject,ssl_subject,SSL 连接记录,二值：0 未提供取值，1 提供了取值,0.0297553264303092,未保留,未保留,未保留,保留
ssl_issuer,ssl_issuer,SSL 连接记录,二值：0 未提供取值，1 提供了取值,0.0297553264303092,未保留,未保留,未保留,保留
http_uri,http_uri,HTTP 请求与响应记录,二值：0 未提供取值，1 提供了取值,0.0623369799204856,未保留,未保留,未保留,未保留
http_user_agent,http_user_agent,HTTP 请求与响应记录,二值：0 未提供取值，1 提供了取值,0.0623369799204856,未保留,未保留,未保留,未保留
http_orig_mime_types,http_orig_mime_types,HTTP 请求与响应记录,二值：0 未提供取值，1 提供了取值,0.0388324702681199,未保留,未保留,未保留,未保留
http_resp_mime_types,http_resp_mime_types,HTTP 请求与响应记录,二值：0 未提供取值，1 提供了取值,0.0482142243630599,未保留,未保留,未保留,未保留
weird_name,weird_name,异常日志记录,二值：0 未提供取值，1 提供了取值,0.017470441510347,未保留,未保留,保留,保留
proto_icmp,proto,网络协议类别,独热：1 表示 icmp；0 表示未标记该类别,0.006575362628811,保留,保留,保留,保留
proto_tcp,proto,网络协议类别,独热：1 表示 tcp；0 表示未标记该类别,-0.0162303688530204,未保留,未保留,保留,保留
proto_udp,proto,网络协议类别,独热：1 表示 udp；0 表示未标记该类别,0.0149576872736256,未保留,保留,保留,保留
service_dce_rpc,service,应用服务类别,独热：1 表示 dce_rpc；0 表示未标记该类别,0.0105745837105425,未保留,保留,保留,保留
service_dhcp,service,应用服务类别,独热：1 表示 dhcp；0 表示未标记该类别,0.0108433789012041,未保留,保留,保留,保留
service_dns,service,应用服务类别,独热：1 表示 dns；0 表示未标记该类别,0.0273439500262871,未保留,未保留,未保留,保留
service_ftp,service,应用服务类别,独热：1 表示 ftp；0 表示未标记该类别,0.0115304100656824,未保留,保留,保留,保留
service_gssapi,service,应用服务类别,独热：1 表示 gssapi；0 表示未标记该类别,0.010076343967106,未保留,保留,保留,保留
service_http,service,应用服务类别,独热：1 表示 http；0 表示未标记该类别,-0.0010151628290022,保留,保留,保留,保留
service_n/a,service,应用服务类别,独热：1 表示 n/a；0 表示未标记该类别,-0.0283301927947407,未保留,未保留,未保留,保留
service_smb,service,应用服务类别,独热：1 表示 smb；0 表示未标记该类别,0.0127657004874966,未保留,保留,保留,保留
service_smb;gssapi,service,应用服务类别,独热：1 表示 smb;gssapi；0 表示未标记该类别,0.0119898121520877,未保留,保留,保留,保留
service_ssl,service,应用服务类别,独热：1 表示 ssl；0 表示未标记该类别,0.0203376350721929,未保留,未保留,未保留,保留
conn_state_OTH,conn_state,连接状态类别,独热：1 表示 OTH；0 表示未标记该类别,-0.016968004908317,未保留,未保留,保留,保留
conn_state_REJ,conn_state,连接状态类别,独热：1 表示 REJ；0 表示未标记该类别,-0.0063861738111089,保留,保留,保留,保留
conn_state_RSTO,conn_state,连接状态类别,独热：1 表示 RSTO；0 表示未标记该类别,0.0131379685626998,未保留,保留,保留,保留
conn_state_RSTOS0,conn_state,连接状态类别,独热：1 表示 RSTOS0；0 表示未标记该类别,0.0109007025597488,未保留,保留,保留,保留
conn_state_RSTR,conn_state,连接状态类别,独热：1 表示 RSTR；0 表示未标记该类别,0.0175152059260409,未保留,未保留,保留,保留
conn_state_RSTRH,conn_state,连接状态类别,独热：1 表示 RSTRH；0 表示未标记该类别,0.0082998607074611,保留,保留,保留,保留
conn_state_S0,conn_state,连接状态类别,独热：1 表示 S0；0 表示未标记该类别,-0.0063474053627591,保留,保留,保留,保留
conn_state_S1,conn_state,连接状态类别,独热：1 表示 S1；0 表示未标记该类别,0.0027035943417709,保留,保留,保留,保留
conn_state_S2,conn_state,连接状态类别,独热：1 表示 S2；0 表示未标记该类别,0.0099097719229603,保留,保留,保留,保留
conn_state_S3,conn_state,连接状态类别,独热：1 表示 S3；0 表示未标记该类别,0.0083419321475794,保留,保留,保留,保留
conn_state_SF,conn_state,连接状态类别,独热：1 表示 SF；0 表示未标记该类别,0.0147623651973106,未保留,保留,保留,保留
conn_state_SH,conn_state,连接状态类别,独热：1 表示 SH；0 表示未标记该类别,0.0014516129199487,保留,保留,保留,保留
conn_state_SHR,conn_state,连接状态类别,独热：1 表示 SHR；0 表示未标记该类别,0.0056093312354035,保留,保留,保留,保留
dns_AA_F,dns_AA,DNS 查询与响应记录,独热：1 表示 F；0 表示未标记该类别,0.0238848991454941,未保留,未保留,未保留,保留
dns_AA_T,dns_AA,DNS 查询与响应记录,独热：1 表示 T；0 表示未标记该类别,0.0125304020769997,未保留,保留,保留,保留
dns_AA_n/a,dns_AA,DNS 查询与响应记录,独热：1 表示 n/a；0 表示未标记该类别,-0.0277665372424651,未保留,未保留,未保留,保留
dns_RD_F,dns_RD,DNS 查询与响应记录,独热：1 表示 F；0 表示未标记该类别,0.0189261859434588,未保留,未保留,保留,保留
dns_RD_T,dns_RD,DNS 查询与响应记录,独热：1 表示 T；0 表示未标记该类别,0.0190761611553889,未保留,未保留,保留,保留
dns_RD_n/a,dns_RD,DNS 查询与响应记录,独热：1 表示 n/a；0 表示未标记该类别,-0.0277665372424651,未保留,未保留,未保留,保留
dns_RA_F,dns_RA,DNS 查询与响应记录,独热：1 表示 F；0 表示未标记该类别,0.0249182279142247,未保留,未保留,未保留,保留
dns_RA_T,dns_RA,DNS 查询与响应记录,独热：1 表示 T；0 表示未标记该类别,0.0109259501959086,未保留,保留,保留,保留
dns_RA_n/a,dns_RA,DNS 查询与响应记录,独热：1 表示 n/a；0 表示未标记该类别,-0.0277665372424651,未保留,未保留,未保留,保留
dns_rejected_F,dns_rejected,DNS 查询与响应记录,独热：1 表示 F；0 表示未标记该类别,0.0229235097785205,未保留,未保留,未保留,保留
dns_rejected_T,dns_rejected,DNS 查询与响应记录,独热：1 表示 T；0 表示未标记该类别,0.0181278010088252,未保留,未保留,保留,保留
dns_rejected_n/a,dns_rejected,DNS 查询与响应记录,独热：1 表示 n/a；0 表示未标记该类别,-0.0277665372424651,未保留,未保留,未保留,保留
ssl_resumed_F,ssl_resumed,SSL 连接记录,独热：1 表示 F；0 表示未标记该类别,0.0208232430354366,未保留,未保留,未保留,保留
ssl_resumed_T,ssl_resumed,SSL 连接记录,独热：1 表示 T；0 表示未标记该类别,0.0282684200547053,未保留,未保留,未保留,保留
ssl_resumed_n/a,ssl_resumed,SSL 连接记录,独热：1 表示 n/a；0 表示未标记该类别,-0.0291383599046058,未保留,未保留,未保留,保留
ssl_established_F,ssl_established,SSL 连接记录,独热：1 表示 F；0 表示未标记该类别,0.0174841654779538,未保留,未保留,保留,保留
ssl_established_T,ssl_established,SSL 连接记录,独热：1 表示 T；0 表示未标记该类别,0.0360722739157466,未保留,未保留,未保留,未保留
ssl_established_n/a,ssl_established,SSL 连接记录,独热：1 表示 n/a；0 表示未标记该类别,-0.0291383599046058,未保留,未保留,未保留,保留
http_trans_depth_1,http_trans_depth,HTTP 请求与响应记录,独热：1 表示 1；0 表示未标记该类别,0.0502181434894837,未保留,未保留,未保留,未保留
http_trans_depth_10,http_trans_depth,HTTP 请求与响应记录,独热：1 表示 10；0 表示未标记该类别,0.0140680552678146,未保留,保留,保留,保留
http_trans_depth_2,http_trans_depth,HTTP 请求与响应记录,独热：1 表示 2；0 表示未标记该类别,0.0299701927446531,未保留,未保留,未保留,保留
http_trans_depth_6,http_trans_depth,HTTP 请求与响应记录,独热：1 表示 6；0 表示未标记该类别,0.0140679988756931,未保留,保留,保留,保留
http_trans_depth_7,http_trans_depth,HTTP 请求与响应记录,独热：1 表示 7；0 表示未标记该类别,0.0140681053941449,未保留,保留,保留,保留
http_trans_depth_8,http_trans_depth,HTTP 请求与响应记录,独热：1 表示 8；0 表示未标记该类别,0.0140680176730669,未保留,保留,保留,保留
http_trans_depth_9,http_trans_depth,HTTP 请求与响应记录,独热：1 表示 9；0 表示未标记该类别,0.0140679863441105,未保留,保留,保留,保留
http_trans_depth_n/a,http_trans_depth,HTTP 请求与响应记录,独热：1 表示 n/a；0 表示未标记该类别,-0.061586996157649,未保留,未保留,未保留,未保留
http_method_GET,http_method,HTTP 请求与响应记录,独热：1 表示 GET；0 表示未标记该类别,0.0529072010652027,未保留,未保留,未保留,未保留
http_method_HEAD,http_method,HTTP 请求与响应记录,独热：1 表示 HEAD；0 表示未标记该类别,0.014615159888368,未保留,保留,保留,保留
http_method_POST,http_method,HTTP 请求与响应记录,独热：1 表示 POST；0 表示未标记该类别,0.03866341508006,未保留,未保留,未保留,未保留
http_method_n/a,http_method,HTTP 请求与响应记录,独热：1 表示 n/a；0 表示未标记该类别,-0.0623369799204856,未保留,未保留,未保留,未保留
http_version_1.1,http_version,HTTP 请求与响应记录,独热：1 表示 1.1；0 表示未标记该类别,0.0617457310969574,未保留,未保留,未保留,未保留
http_version_n/a,http_version,HTTP 请求与响应记录,独热：1 表示 n/a；0 表示未标记该类别,-0.0617457310969574,未保留,未保留,未保留,未保留
weird_addl_43,weird_addl,异常日志记录,独热：1 表示 43；0 表示未标记该类别,0.0113646853651383,未保留,保留,保留,保留
weird_addl_46,weird_addl,异常日志记录,独热：1 表示 46；0 表示未标记该类别,0.0107793173791622,未保留,保留,保留,保留
weird_addl_48,weird_addl,异常日志记录,独热：1 表示 48；0 表示未标记该类别,0.0111327868141099,未保留,保留,保留,保留
weird_addl_n/a,weird_addl,异常日志记录,独热：1 表示 n/a；0 表示未标记该类别,-0.0142513635389655,未保留,保留,保留,保留
weird_notice_F,weird_notice,异常日志记录,独热：1 表示 F；0 表示未标记该类别,0.017470441510347,未保留,未保留,保留,保留
weird_notice_n/a,weird_notice,异常日志记录,独热：1 表示 n/a；0 表示未标记该类别,-0.017470441510347,未保留,未保留,保留,保留
