方案维数,主成分,原有输入列数,非零系数个数,解释方差比例,累计解释方差
10,PC1,88,88,0.545197936629749,0.545197936629749
10,PC2,88,88,0.1341023596115938,0.6793002962413428
10,PC3,88,88,0.0942312327685517,0.7735315290098945
10,PC4,88,88,0.0464043866619911,0.8199359156718856
10,PC5,88,88,0.0358156208574805,0.8557515365293661
10,PC6,88,88,0.0324534178739054,0.8882049544032715
10,PC7,88,88,0.0225751593592887,0.9107801137625604
10,PC8,88,88,0.0154790309273456,0.926259144689906
10,PC9,88,88,0.0126265890822765,0.9388857337721824
10,PC10,88,88,0.011039585417024,0.9499253191892064
33,PC1,88,88,0.545197936629749,0.545197936629749
33,PC2,88,88,0.1341023596115938,0.6793002962413428
33,PC3,88,88,0.0942312327685517,0.7735315290098945
33,PC4,88,88,0.0464043866619911,0.8199359156718856
33,PC5,88,88,0.0358156208574805,0.8557515365293661
33,PC6,88,88,0.0324534178739054,0.8882049544032715
33,PC7,88,88,0.0225751593592887,0.9107801137625604
33,PC8,88,88,0.0154790309273456,0.926259144689906
33,PC9,88,88,0.0126265890822765,0.9388857337721824
33,PC10,88,88,0.011039585417024,0.9499253191892064
33,PC11,88,88,0.0093706138957595,0.959295933084966
33,PC12,88,88,0.0079209425774094,0.9672168756623756
33,PC13,88,88,0.004629439671792,0.9718463153341677
33,PC14,88,88,0.0043028464425858,0.9761491617767534
33,PC15,88,88,0.0031619789838825,0.979311140760636
33,PC16,88,88,0.0027446927880362,0.9820558335486722
33,PC17,88,88,0.0026225443934428,0.9846783779421152
33,PC18,88,88,0.0020173462117568,0.986695724153872
33,PC19,88,88,0.0018032625185611,0.9884989866724332
33,PC20,88,88,0.0016171869485105,0.9901161736209436
33,PC21,88,88,0.0015438953704533,0.991660068991397
33,PC22,88,88,0.0013128651036954,0.9929729340950924
33,PC23,88,88,0.0012933713222939,0.9942663054173864
33,PC24,88,88,0.0010991919153001,0.9953654973326866
33,PC25,88,88,0.0010513596319605,0.9964168569646472
33,PC26,88,88,0.0008523973773603,0.9972692543420076
33,PC27,88,88,0.0007005470568825,0.99796980139889
33,PC28,88,88,0.0005216677674285,0.9984914691663186
33,PC29,88,88,0.0003035673452183,0.998795036511537
33,PC30,88,88,0.0002784106351277,0.9990734471466648
33,PC31,88,88,0.0001962570385783,0.9992697041852432
33,PC32,88,88,0.0001625914096625,0.9994322955949057
33,PC33,88,88,8.948192256628474e-05,0.999521777517472
45,PC1,88,88,0.545197936629749,0.545197936629749
45,PC2,88,88,0.1341023596115938,0.6793002962413428
45,PC3,88,88,0.0942312327685517,0.7735315290098945
45,PC4,88,88,0.0464043866619911,0.8199359156718856
45,PC5,88,88,0.0358156208574805,0.8557515365293661
45,PC6,88,88,0.0324534178739054,0.8882049544032715
45,PC7,88,88,0.0225751593592887,0.9107801137625604
45,PC8,88,88,0.0154790309273456,0.926259144689906
45,PC9,88,88,0.0126265890822765,0.9388857337721824
45,PC10,88,88,0.011039585417024,0.9499253191892064
45,PC11,88,88,0.0093706138957595,0.959295933084966
45,PC12,88,88,0.0079209425774094,0.9672168756623756
45,PC13,88,88,0.004629439671792,0.9718463153341677
45,PC14,88,88,0.0043028464425858,0.9761491617767534
45,PC15,88,88,0.0031619789838825,0.979311140760636
45,PC16,88,88,0.0027446927880362,0.9820558335486722
45,PC17,88,88,0.0026225443934428,0.9846783779421152
45,PC18,88,88,0.0020173462117568,0.986695724153872
45,PC19,88,88,0.0018032625185611,0.9884989866724332
45,PC20,88,88,0.0016171869485105,0.9901161736209436
45,PC21,88,88,0.0015438953704533,0.991660068991397
45,PC22,88,88,0.0013128651036954,0.9929729340950924
45,PC23,88,88,0.0012933713222939,0.9942663054173864
45,PC24,88,88,0.0010991919153001,0.9953654973326866
45,PC25,88,88,0.0010513596319605,0.9964168569646472
45,PC26,88,88,0.0008523973773603,0.9972692543420076
45,PC27,88,88,0.0007005470568825,0.99796980139889
45,PC28,88,88,0.0005216677674285,0.9984914691663186
45,PC29,88,88,0.0003035673452183,0.998795036511537
45,PC30,88,88,0.0002784106351277,0.9990734471466648
45,PC31,88,88,0.0001962570385783,0.9992697041852432
45,PC32,88,88,0.0001625914096625,0.9994322955949057
45,PC33,88,88,8.948192256628474e-05,0.999521777517472
45,PC34,88,88,7.700418188614365e-05,0.999598781699358
45,PC35,88,88,6.448468920242723e-05,0.9996632663885604
45,PC36,88,88,5.011445949301348e-05,0.9997133808480536
45,PC37,88,88,4.5786151323096406e-05,0.9997591669993766
45,PC38,88,88,3.775126263845905e-05,0.9997969182620152
45,PC39,88,88,3.3821893517065946e-05,0.9998307401555322
45,PC40,88,88,3.374880689432804e-05,0.9998644889624264
45,PC41,88,88,2.4791415219825764e-05,0.9998892803776464
45,PC42,88,88,1.8037105281638205e-05,0.999907317482928
45,PC43,88,88,1.611562983292615e-05,0.9999234331127608
45,PC44,88,88,1.5195594233267122e-05,0.999938628706994
45,PC45,88,88,1.3750743308513583e-05,0.9999523794503028
69,PC1,88,88,0.545197936629749,0.545197936629749
69,PC2,88,88,0.1341023596115938,0.6793002962413428
69,PC3,88,88,0.0942312327685517,0.7735315290098945
69,PC4,88,88,0.0464043866619911,0.8199359156718856
69,PC5,88,88,0.0358156208574805,0.8557515365293661
69,PC6,88,88,0.0324534178739054,0.8882049544032715
69,PC7,88,88,0.0225751593592887,0.9107801137625604
69,PC8,88,88,0.0154790309273456,0.926259144689906
69,PC9,88,88,0.0126265890822765,0.9388857337721824
69,PC10,88,88,0.011039585417024,0.9499253191892064
69,PC11,88,88,0.0093706138957595,0.959295933084966
69,PC12,88,88,0.0079209425774094,0.9672168756623756
69,PC13,88,88,0.004629439671792,0.9718463153341677
69,PC14,88,88,0.0043028464425858,0.9761491617767534
69,PC15,88,88,0.0031619789838825,0.979311140760636
69,PC16,88,88,0.0027446927880362,0.9820558335486722
69,PC17,88,88,0.0026225443934428,0.9846783779421152
69,PC18,88,88,0.0020173462117568,0.986695724153872
69,PC19,88,88,0.0018032625185611,0.9884989866724332
69,PC20,88,88,0.0016171869485105,0.9901161736209436
69,PC21,88,88,0.0015438953704533,0.991660068991397
69,PC22,88,88,0.0013128651036954,0.9929729340950924
69,PC23,88,88,0.0012933713222939,0.9942663054173864
69,PC24,88,88,0.0010991919153001,0.9953654973326866
69,PC25,88,88,0.0010513596319605,0.9964168569646472
69,PC26,88,88,0.0008523973773603,0.9972692543420076
69,PC27,88,88,0.0007005470568825,0.99796980139889
69,PC28,88,88,0.0005216677674285,0.9984914691663186
69,PC29,88,88,0.0003035673452183,0.998795036511537
69,PC30,88,88,0.0002784106351277,0.9990734471466648
69,PC31,88,88,0.0001962570385783,0.9992697041852432
69,PC32,88,88,0.0001625914096625,0.9994322955949057
69,PC33,88,88,8.948192256628474e-05,0.999521777517472
69,PC34,88,88,7.700418188614365e-05,0.999598781699358
69,PC35,88,88,6.448468920242723e-05,0.9996632663885604
69,PC36,88,88,5.011445949301348e-05,0.9997133808480536
69,PC37,88,88,4.5786151323096406e-05,0.9997591669993766
69,PC38,88,88,3.775126263845905e-05,0.9997969182620152
69,PC39,88,88,3.3821893517065946e-05,0.9998307401555322
69,PC40,88,88,3.374880689432804e-05,0.9998644889624264
69,PC41,88,88,2.4791415219825764e-05,0.9998892803776464
69,PC42,88,88,1.8037105281638205e-05,0.999907317482928
69,PC43,88,88,1.611562983292615e-05,0.9999234331127608
69,PC44,88,88,1.5195594233267122e-05,0.999938628706994
69,PC45,88,88,1.3750743308513583e-05,0.9999523794503028
69,PC46,88,88,7.883796672374738e-06,0.9999602632469752
69,PC47,88,88,7.510835494869741e-06,0.99996777408247
69,PC48,88,88,5.2543210989353775e-06,0.9999730284035688
69,PC49,88,88,4.745483032163903e-06,0.9999777738866013
69,PC50,88,88,3.784741514500373e-06,0.9999815586281156
69,PC51,88,88,3.4231725706578366e-06,0.9999849818006864
69,PC52,88,88,2.809747076870132e-06,0.9999877915477632
69,PC53,88,88,2.2771017205462965e-06,0.9999900686494836
69,PC54,88,88,1.5139239124270947e-06,0.9999915825733962
69,PC55,88,88,1.3163296497454816e-06,0.999992898903046
69,PC56,88,88,1.1207134601188837e-06,0.999994019616506
69,PC57,88,88,1.0278643270380555e-06,0.999995047480833
69,PC58,88,87,8.765713151345958e-07,0.999995924052148
69,PC59,88,87,8.765713151345929e-07,0.9999968006234632
69,PC60,88,87,8.765713151345927e-07,0.9999976771947784
69,PC61,88,88,8.765713148930466e-07,0.9999985537660931
69,PC62,88,88,7.729488313672436e-07,0.9999993267149244
69,PC63,88,88,3.890409698528067e-07,0.9999997157558944
69,PC64,88,88,2.842441052547435e-07,0.9999999999999996
69,PC65,88,87,1.7233685376888908e-31,0.9999999999999996
69,PC66,88,87,5.240914526444416e-32,0.9999999999999996
69,PC67,88,87,4.6623572747748877e-32,0.9999999999999996
69,PC68,88,87,2.254995575000009e-32,0.9999999999999996
69,PC69,88,87,1.3759699210849653e-32,0.9999999999999996
88,PC1,88,88,0.545197936629749,0.545197936629749
88,PC2,88,88,0.1341023596115938,0.6793002962413428
88,PC3,88,88,0.0942312327685517,0.7735315290098945
88,PC4,88,88,0.0464043866619911,0.8199359156718856
88,PC5,88,88,0.0358156208574805,0.8557515365293661
88,PC6,88,88,0.0324534178739054,0.8882049544032715
88,PC7,88,88,0.0225751593592887,0.9107801137625604
88,PC8,88,88,0.0154790309273456,0.926259144689906
88,PC9,88,88,0.0126265890822765,0.9388857337721824
88,PC10,88,88,0.011039585417024,0.9499253191892064
88,PC11,88,88,0.0093706138957595,0.959295933084966
88,PC12,88,88,0.0079209425774094,0.9672168756623756
88,PC13,88,88,0.004629439671792,0.9718463153341677
88,PC14,88,88,0.0043028464425858,0.9761491617767534
88,PC15,88,88,0.0031619789838825,0.979311140760636
88,PC16,88,88,0.0027446927880362,0.9820558335486722
88,PC17,88,88,0.0026225443934428,0.9846783779421152
88,PC18,88,88,0.0020173462117568,0.986695724153872
88,PC19,88,88,0.0018032625185611,0.9884989866724332
88,PC20,88,88,0.0016171869485105,0.9901161736209436
88,PC21,88,88,0.0015438953704533,0.991660068991397
88,PC22,88,88,0.0013128651036954,0.9929729340950924
88,PC23,88,88,0.0012933713222939,0.9942663054173864
88,PC24,88,88,0.0010991919153001,0.9953654973326866
88,PC25,88,88,0.0010513596319605,0.9964168569646472
88,PC26,88,88,0.0008523973773603,0.9972692543420076
88,PC27,88,88,0.0007005470568825,0.99796980139889
88,PC28,88,88,0.0005216677674285,0.9984914691663186
88,PC29,88,88,0.0003035673452183,0.998795036511537
88,PC30,88,88,0.0002784106351277,0.9990734471466648
88,PC31,88,88,0.0001962570385783,0.9992697041852432
88,PC32,88,88,0.0001625914096625,0.9994322955949057
88,PC33,88,88,8.948192256628474e-05,0.999521777517472
88,PC34,88,88,7.700418188614365e-05,0.999598781699358
88,PC35,88,88,6.448468920242723e-05,0.9996632663885604
88,PC36,88,88,5.011445949301348e-05,0.9997133808480536
88,PC37,88,88,4.5786151323096406e-05,0.9997591669993766
88,PC38,88,88,3.775126263845905e-05,0.9997969182620152
88,PC39,88,88,3.3821893517065946e-05,0.9998307401555322
88,PC40,88,88,3.374880689432804e-05,0.9998644889624264
88,PC41,88,88,2.4791415219825764e-05,0.9998892803776464
88,PC42,88,88,1.8037105281638205e-05,0.999907317482928
88,PC43,88,88,1.611562983292615e-05,0.9999234331127608
88,PC44,88,88,1.5195594233267122e-05,0.999938628706994
88,PC45,88,88,1.3750743308513583e-05,0.9999523794503028
88,PC46,88,88,7.883796672374738e-06,0.9999602632469752
88,PC47,88,88,7.510835494869741e-06,0.99996777408247
88,PC48,88,88,5.2543210989353775e-06,0.9999730284035688
88,PC49,88,88,4.745483032163903e-06,0.9999777738866013
88,PC50,88,88,3.784741514500373e-06,0.9999815586281156
88,PC51,88,88,3.4231725706578366e-06,0.9999849818006864
88,PC52,88,88,2.809747076870132e-06,0.9999877915477632
88,PC53,88,88,2.2771017205462965e-06,0.9999900686494836
88,PC54,88,88,1.5139239124270947e-06,0.9999915825733962
88,PC55,88,88,1.3163296497454816e-06,0.999992898903046
88,PC56,88,88,1.1207134601188837e-06,0.999994019616506
88,PC57,88,88,1.0278643270380555e-06,0.999995047480833
88,PC58,88,87,8.765713151345958e-07,0.999995924052148
88,PC59,88,87,8.765713151345929e-07,0.9999968006234632
88,PC60,88,87,8.765713151345927e-07,0.9999976771947784
88,PC61,88,88,8.765713148930466e-07,0.9999985537660931
88,PC62,88,88,7.729488313672436e-07,0.9999993267149244
88,PC63,88,88,3.890409698528067e-07,0.9999997157558944
88,PC64,88,88,2.842441052547435e-07,0.9999999999999996
88,PC65,88,87,1.7233685376888908e-31,0.9999999999999996
88,PC66,88,87,5.240914526444416e-32,0.9999999999999996
88,PC67,88,87,4.6623572747748877e-32,0.9999999999999996
88,PC68,88,87,2.254995575000009e-32,0.9999999999999996
88,PC69,88,87,1.3759699210849653e-32,0.9999999999999996
88,PC70,88,87,5.231662962486805e-33,0.9999999999999996
88,PC71,88,87,3.741369134032338e-33,0.9999999999999996
88,PC72,88,87,3.741369134032338e-33,0.9999999999999996
88,PC73,88,87,3.741369134032338e-33,0.9999999999999996
88,PC74,88,87,3.741369134032338e-33,0.9999999999999996
88,PC75,88,87,3.741369134032338e-33,0.9999999999999996
88,PC76,88,87,3.741369134032338e-33,0.9999999999999996
88,PC77,88,87,3.741369134032338e-33,0.9999999999999996
88,PC78,88,87,3.741369134032338e-33,0.9999999999999996
88,PC79,88,87,3.741369134032338e-33,0.9999999999999996
88,PC80,88,87,3.741369134032338e-33,0.9999999999999996
88,PC81,88,87,3.741369134032338e-33,0.9999999999999996
88,PC82,88,87,3.741369134032338e-33,0.9999999999999996
88,PC83,88,87,3.741369134032338e-33,0.9999999999999996
88,PC84,88,87,3.741369134032338e-33,0.9999999999999996
88,PC85,88,87,3.741369134032338e-33,0.9999999999999996
88,PC86,88,87,3.741369134032338e-33,0.9999999999999996
88,PC87,88,87,3.741369134032338e-33,0.9999999999999996
88,PC88,88,87,2.344710497231184e-34,0.9999999999999996
