模型,输入方案,维数,Macro-F1,攻击召回率,攻击精确率,Accuracy,Weighted-F1,MCC
DT,Original,88,0.9152028377406004,0.9850885368126748,0.8204764453961456,0.9198842561558744,0.9212739235595432,0.8403903992784323
DT,FS,10,0.7577521728308956,0.7584278690105087,0.6471959413135884,0.772288510524199,0.7758340881025892,0.5215367726744494
DT,PCA,10,0.7932749583006342,0.8488928881318893,0.6707379005637093,0.8025986503999643,0.8066525362014774,0.6013605591693565
DT,FS,33,0.773793032440373,0.8054439695343382,0.655601768291088,0.7852705903382938,0.7893192160584611,0.5583501304287998
DT,PCA,33,0.8066899973722805,0.8527493010251631,0.6911596165867889,0.8163404388434553,0.8198509624547756,0.6251400424132109
DT,FS,45,0.7923926015127984,0.8492785294212167,0.6691904484566104,0.8016490146132189,0.8057502423012043,0.5999606676949156
DT,PCA,45,0.8904368403417167,0.9756724619982646,0.7795208873597453,0.8956070965723735,0.8976891324850479,0.7959362213275145
DT,FS,69,0.9082717217352936,0.973133656843526,0.8141148003763947,0.9134155606202796,0.9148905678264952,0.8259449984821968
DT,PCA,69,0.916535583936172,0.9871774271298648,0.8218203221146129,0.9211355409572328,0.9225061368221196,0.8431274726007993
DT,PCA,88,0.9165073000329068,0.986984606485201,0.8218796831513594,0.92111319658578,0.922482718507105,0.8430393609436243
RF,Original,88,0.8377567150357239,0.9869203329369798,0.6905158069883528,0.8416789560709658,0.8454433717861144,0.7154898925638542
RF,FS,10,0.7217445662442019,0.5402191727994344,0.710511855953337,0.7636412387719533,0.7546447691269006,0.4567315938928426
RF,PCA,10,0.7909195688156347,0.8497605810328759,0.6666834753668499,0.8000737364257944,0.8042502734661497,0.5975928301245989
RF,FS,33,0.7322694747906893,0.5614615804865508,0.7184981082414871,0.7710707422800197,0.7633264306088551,0.4755990608384409
RF,PCA,33,0.8041488072980334,0.848925024906,0.6884904086738949,0.8139495910980025,0.8174987836931966,0.6199430950191037
RF,FS,45,0.7856651050643517,0.8678214480830414,0.6525384819853564,0.7934039415471242,0.7980750901437932,0.5936957348528021
RF,PCA,45,0.8042990360321897,0.848925024906,0.6887417218543046,0.8141060016981723,0.8176480993437637,0.6202021078633229
RF,FS,69,0.7909486279089499,0.8805797474049555,0.656311377245509,0.7981744648523037,0.8027915145619775,0.6060168113002172
RF,PCA,69,0.8204025688457393,0.8517851978018447,0.7152880852786399,0.830607320016088,0.8334473937154473,0.648865667806809
RF,PCA,88,0.8215999074171068,0.85049972683742,0.718045418780693,0.831925637931805,0.8346780152492735,0.6507561760039859
