模型,输入方案,维数,Macro-F1变化,攻击召回率变化,攻击精确率变化,Accuracy变化,Weighted-F1变化,MCC变化
DT,Original,88,0.0,0.0,0.0,0.0,0.0,0.0
DT,FS,10,-0.15745066490970483,-0.2266606678021661,-0.17328050408255724,-0.14759574563167543,-0.14543983545695394,-0.31885362660398286
DT,PCA,10,-0.12192787943996619,-0.13619564868078549,-0.14973854483243632,-0.11728560575591018,-0.11462138735806582,-0.2390298401090758
DT,FS,33,-0.1414098053002274,-0.17964456727833666,-0.16487467710505765,-0.1346136658175806,-0.13195470750108207,-0.2820402688496325
DT,PCA,33,-0.10851284036831987,-0.13233923578751172,-0.1293168288093567,-0.10354381731241913,-0.10142296110476756,-0.21525035686522143
DT,FS,45,-0.12281023622780196,-0.1358100073914581,-0.15128599693953526,-0.11823524154265552,-0.1155236812583389,-0.24042973158351666
DT,PCA,45,-0.024765997398883743,-0.009416074814410202,-0.040955558036400275,-0.024277159583500962,-0.023584791074495293,-0.04445417795091777
DT,FS,69,-0.0069311160053068255,-0.01195487996914879,-0.0063616450197508945,-0.006468695535594815,-0.006383355733047935,-0.014445400796235464
DT,PCA,69,0.0013327461955715547,0.002088890317189951,0.0013438767184672518,0.0012512848013583877,0.001232213262576387,0.0027370733223670562
DT,PCA,88,0.0013044622923064075,0.0018960696725262016,0.001403237755213782,0.0012289404299055118,0.0012087949475617643,0.002648961665192018
RF,Original,88,0.0,0.0,0.0,0.0,0.0,0.0
RF,FS,10,-0.116012148791522,-0.44670116013754535,0.019996048964984192,-0.07803771729901243,-0.0907986026592138,-0.2587582986710116
RF,PCA,10,-0.046837146220089165,-0.1371597519041039,-0.02383233162150289,-0.04160521964517139,-0.04119309831996465,-0.11789706243925535
RF,FS,33,-0.10548724024503464,-0.42545875245042897,0.02798230125313428,-0.07060821379094606,-0.08211694117725932,-0.2398908317254133
RF,PCA,33,-0.03360790773769051,-0.1379953080309798,-0.0020253983144579157,-0.0277293649729633,-0.027944588092917777,-0.09554679754475048
RF,FS,45,-0.05209160997137219,-0.11909888485393838,-0.03797732500299644,-0.04827501452384153,-0.04736828164232121,-0.12179415771105206
RF,PCA,45,-0.033457679003534246,-0.1379953080309798,-0.0017740851340481978,-0.0275729543727935,-0.027795272442350694,-0.09528778470053134
RF,FS,69,-0.04680808712677398,-0.1063405855320243,-0.03420442974284377,-0.04350449121866207,-0.04265185722413689,-0.10947308126363697
RF,PCA,69,-0.017354146189984654,-0.1351351351351351,0.024772278290287053,-0.01107163605487782,-0.011995978070667102,-0.06662422475704521
RF,PCA,88,-0.016156807618617153,-0.13642060609955975,0.027529611792340147,-0.009753318139160805,-0.010765356536840853,-0.06473371655986826
