模型,输入方案,维数,指标,次数,均值,样本标准差,最小值,最大值
DT,Original,88,Macro-F1,5,0.9151139106442987,9.257154056118213e-05,0.9149663374972329,0.9152028377406003
DT,Original,88,攻击召回率,5,0.984998553845165,0.00014081628884664494,0.9847671690715686,0.9850885368126747
DT,Original,88,攻击精确率,5,0.8203575815856338,9.902984821582739e-05,0.8202087794432548,0.8204764453961456
DT,Original,88,Accuracy,5,0.9197993475443536,8.711439732591278e-05,0.919660812441346,0.9198842561558743
DT,Original,88,Weighted-F1,5,0.9211907854798158,8.571827682913941e-05,0.9210543556431005,0.9212739235595431
DT,Original,88,MCC,5,0.8402177386074037,0.00018874960776346964,0.8399146613528244,0.8403903992784323
RF,Original,88,Macro-F1,5,0.8354080767678831,0.002813543392755282,0.831427854372395,0.8381497285740607
RF,Original,88,攻击召回率,5,0.9863161615837003,0.0005213690211954275,0.9856348619725552,0.9869203329369798
RF,Original,88,攻击精确率,5,0.6873809899416139,0.003917421309646387,0.6817404437731825,0.6911595866819747
RF,Original,88,Accuracy,5,0.8392858738883675,0.002886506668288722,0.8351879161639183,0.8420923269428431
RF,Original,88,Weighted-F1,5,0.8431051697123243,0.002820833181210491,0.8390993030036045,0.8458469675082178
RF,Original,88,MCC,5,0.7117238342225708,0.004311188717655105,0.705782901757531,0.7159848589543433
DT,FS,10,Macro-F1,5,0.7577521728308956,0.0,0.7577521728308956,0.7577521728308956
DT,FS,10,攻击召回率,5,0.7584278690105087,0.0,0.7584278690105087,0.7584278690105087
DT,FS,10,攻击精确率,5,0.6471959413135884,0.0,0.6471959413135884,0.6471959413135884
DT,FS,10,Accuracy,5,0.772288510524199,0.0,0.772288510524199,0.772288510524199
DT,FS,10,Weighted-F1,5,0.7758340881025892,0.0,0.7758340881025892,0.7758340881025892
DT,FS,10,MCC,5,0.5215367726744494,0.0,0.5215367726744494,0.5215367726744494
RF,FS,10,Macro-F1,5,0.7494671270444478,0.015503543533126189,0.7217445662442019,0.7571547233264507
RF,FS,10,攻击召回率,5,0.7117909824211847,0.09591902328106588,0.5402191727994344,0.7567567567567568
RF,FS,10,攻击精确率,5,0.659221014091456,0.028673648706518538,0.646247073405867,0.710511855953337
RF,FS,10,Accuracy,5,0.7696853912499442,0.003397189619725755,0.7636412387719533,0.7718081065379631
RF,FS,10,Weighted-F1,5,0.7706833567019828,0.00897342203565412,0.7546447691269006,0.7753316630504145
RF,FS,10,MCC,5,0.5061643030109461,0.027650752476625403,0.4567315938928426,0.5202030017833358
DT,PCA,10,Macro-F1,5,0.79326600930128,1.321830231086375e-05,0.7932515585562572,0.7932770127926174
DT,PCA,10,攻击召回率,5,0.8488864607770672,2.6887554280115003e-05,0.8488607513577787,0.848925024906
DT,PCA,10,攻击精确率,5,0.6707260095553284,1.2823169552704636e-05,0.6707125082525012,0.6707379005637093
DT,PCA,10,Accuracy,5,0.8025897126513829,1.223851627801463e-05,0.8025763060285114,0.8025986503999643
DT,PCA,10,Weighted-F1,5,0.8066438848121275,1.2082858988062843e-05,0.8066306506998872,0.806653050257908
DT,PCA,10,MCC,5,0.601343880223437,2.8285398331984098e-05,0.6013132974379242,0.6013716879026242
RF,PCA,10,Macro-F1,5,0.7910316704746969,0.00016457015314865655,0.7909089074045297,0.7912394342882174
RF,PCA,10,攻击召回率,5,0.8504547353536651,0.0015521762481600647,0.8497605810328759,0.8532313526368224
RF,PCA,10,攻击精确率,5,0.6666104717749185,0.0004815558587602916,0.6658474193710187,0.6671881308033912
RF,PCA,10,Accuracy,5,0.8001452384144434,0.00014918110455201016,0.8000625642400679,0.8004089019975869
RF,PCA,10,Weighted-F1,5,0.8043290658633999,0.0001423339713615469,0.8042395800087836,0.8045710650950483
RF,PCA,10,MCC,5,0.5979533708602304,0.0005767102378765826,0.5975748730253437,0.5988925494604685
DT,FS,33,Macro-F1,5,0.773793032440373,0.0,0.773793032440373,0.773793032440373
DT,FS,33,攻击召回率,5,0.8054439695343382,0.0,0.8054439695343382,0.8054439695343382
DT,FS,33,攻击精确率,5,0.655601768291088,0.0,0.655601768291088,0.655601768291088
DT,FS,33,Accuracy,5,0.7852705903382938,0.0,0.7852705903382938,0.7852705903382938
DT,FS,33,Weighted-F1,5,0.7893192160584611,0.0,0.7893192160584611,0.7893192160584611
DT,FS,33,MCC,5,0.5583501304287998,0.0,0.5583501304287998,0.5583501304287998
RF,FS,33,Macro-F1,5,0.7190221678748303,0.01912857895261317,0.6983417900647506,0.7376650032919772
RF,FS,33,攻击召回率,5,0.5301667898576341,0.046149719035242065,0.47919143876337694,0.5752482565800044
RF,FS,33,攻击精确率,5,0.7143768916500999,0.005272548368569282,0.7075128677338622,0.719713722809698
RF,FS,33,Accuracy,5,0.7630915672342138,0.011447629592346364,0.7505474371005944,0.7744559145551235
RF,FS,33,Weighted-F1,5,0.7528918319349697,0.015028062364512264,0.7366230263193578,0.7676004243477962
RF,FS,33,MCC,5,0.4542403969826251,0.030765403284877226,0.42068454199323335,0.48464009517710177
DT,PCA,33,Macro-F1,5,0.8066882549775531,1.4937036563543606e-05,0.8066772222450516,0.8067135158347938
DT,PCA,33,攻击召回率,5,0.8527557283799853,2.6887554280115003e-05,0.8527171642510525,0.8527814377992737
DT,PCA,33,攻击精确率,5,0.6911540248748922,2.0570648617104496e-05,0.6911316577679385,0.6911856636799333
DT,PCA,33,Accuracy,5,0.81633820440631,1.4566748011833018e-05,0.8163292666577289,0.8163627832149082
DT,PCA,33,Weighted-F1,5,0.8198489438209616,1.4161697251075587e-05,0.8198397152106197,0.8198728797292504
DT,PCA,33,MCC,5,0.6251384197717776,2.9482929854957677e-05,0.6251111465572513,0.625187443820722
RF,PCA,33,Macro-F1,5,0.8040113887794444,0.00011554059274739488,0.8038314733267609,0.8041488072980334
RF,PCA,33,攻击召回率,5,0.8486229392293602,0.00029154271761523606,0.8481858791014558,0.848925024906
RF,PCA,33,攻击精确率,5,0.6883854424647848,0.00021923549749240336,0.6879997916178271,0.6885369925910466
RF,PCA,33,Accuracy,5,0.8138266970550119,0.00012032812278535703,0.8136255977119363,0.8139495910980025
RF,PCA,33,Weighted-F1,5,0.8173759334258477,0.00011455765866264958,0.8171877207508248,0.8174987836931966
RF,PCA,33,MCC,5,0.6196418353746596,0.00021331256631226862,0.6193755576528471,0.6199430950191037
DT,FS,45,Macro-F1,5,0.7923926015127984,0.0,0.7923926015127984,0.7923926015127984
DT,FS,45,攻击召回率,5,0.8492785294212167,0.0,0.8492785294212167,0.8492785294212167
DT,FS,45,攻击精确率,5,0.6691904484566104,0.0,0.6691904484566104,0.6691904484566104
DT,FS,45,Accuracy,5,0.8016490146132188,1.2412670766236366e-16,0.8016490146132189,0.8016490146132189
DT,FS,45,Weighted-F1,5,0.8057502423012043,0.0,0.8057502423012043,0.8057502423012043
DT,FS,45,MCC,5,0.5999606676949156,0.0,0.5999606676949156,0.5999606676949156
RF,FS,45,Macro-F1,5,0.7852220231890211,0.001285787611367398,0.7829319538715329,0.7859481044476075
RF,FS,45,攻击召回率,5,0.8660282160876692,0.003670520475189784,0.8594658868142816,0.8678214480830414
RF,FS,45,攻击精确率,5,0.652449617582882,0.0007602311369213289,0.65113334794147,0.6530395026488304
RF,FS,45,Accuracy,5,0.7930509004781696,0.0011215004864105742,0.791057782544577,0.7937167627474639
RF,FS,45,Weighted-F1,5,0.7977165997527718,0.0011177168036341737,0.7957292659877476,0.7983737663330335
RF,FS,45,MCC,5,0.5924613998740591,0.0031398639637454213,0.5868549299760724,0.5940835918856902
DT,PCA,45,Macro-F1,5,0.8904111554170452,7.335345193908377e-05,0.8903117705362842,0.8904770372042414
DT,PCA,45,攻击召回率,5,0.9757045987723751,0.00010162540283986271,0.9756081884500434,0.9758652826429283
DT,PCA,45,攻击精确率,5,0.7794585088064336,9.308297998751262e-05,0.7793294655234378,0.7795522234774571
DT,PCA,45,Accuracy,5,0.8955802833266301,7.048223754563661e-05,0.8954842025293829,0.8956406131295527
DT,PCA,45,Weighted-F1,5,0.8976635059944496,6.890658952302975e-05,0.8975697275347806,0.8977233129843771
DT,PCA,45,MCC,5,0.7959008385100703,0.000144739178078096,0.7957100119081023,0.7960509757392487
RF,PCA,45,Macro-F1,5,0.8040120952635942,0.00018198709837393518,0.8038235300648925,0.8042990360321897
RF,PCA,45,攻击召回率,5,0.8481665970369894,0.0004731860351398043,0.8477038274897966,0.848925024906
RF,PCA,45,攻击精确率,5,0.6885751958645068,0.00010972759715424942,0.6884509983035365,0.6887417218543046
RF,PCA,45,Accuracy,5,0.8138579791750459,0.0001578800223617175,0.8136926308262948,0.8141060016981723
RF,PCA,45,Weighted-F1,5,0.8173974187514871,0.00015938070470963977,0.8172310741058612,0.8176480993437637
RF,PCA,45,MCC,5,0.619545958060009,0.00041434697630562495,0.6191223962336689,0.6202021078633229
DT,FS,69,Macro-F1,5,0.9083095931458318,3.6308991297545676e-05,0.9082717217352937,0.9083458194108334
DT,FS,69,攻击召回率,5,0.9732557765851464,8.623201378669509e-05,0.973133656843526,0.9733264774881898
DT,FS,69,攻击精确率,5,0.8141162814805938,3.707384164586857e-05,0.8140791312762069,0.8141616710126617
DT,FS,69,Accuracy,5,0.913449077177459,3.351655717925839e-05,0.9134155606202797,0.9134825937346382
DT,FS,69,Weighted-F1,5,0.9149242708635421,3.319588375915775e-05,0.9148905678264952,0.9149574467306755
DT,FS,69,MCC,5,0.8260350115159699,7.837049977925258e-05,0.8259449984821968,0.8261120786570227
RF,FS,69,Macro-F1,5,0.8071285910809088,0.020328232421869128,0.7878706570506799,0.828997428560486
RF,FS,69,攻击召回率,5,0.9091172028151814,0.0484642265730974,0.8701995693672269,0.9621750168718064
RF,FS,69,攻击精确率,5,0.6709388694783819,0.015088272659443493,0.6550547935263807,0.6859487085462838
RF,FS,69,Accuracy,5,0.8136054877776286,0.018741909147782197,0.7955713455780489,0.833646154533673
RF,FS,69,Weighted-F1,5,0.8178653383504386,0.018421989649295988,0.8001861595073154,0.8375886571953078
RF,FS,69,MCC,5,0.6411828824982484,0.04757117747510005,0.5979770537358248,0.6928136217867303
DT,PCA,69,Macro-F1,5,0.9166340306069465,0.00010761909360590142,0.916535583936172,0.9168128882570756
DT,PCA,69,攻击召回率,5,0.9872031365491531,9.478986537102996e-05,0.9870810168075329,0.9873381110004178
DT,PCA,69,攻击精确率,5,0.8219956850781533,0.00016936596615304018,0.8218203221146129,0.8222620704421368
DT,PCA,69,Accuracy,5,0.9212316217544801,0.00010378714003214671,0.9211355409572328,0.9214036734146669
DT,PCA,69,Weighted-F1,5,0.9225995264042041,0.00010127938377106113,0.9225061368221196,0.9227675691144562
DT,PCA,69,MCC,5,0.843303659135703,0.00020195206657303854,0.8431274726007993,0.8436416060110044
RF,PCA,69,Macro-F1,5,0.8233648555744603,0.0027393360524590434,0.8204025688457393,0.8274695331360492
RF,PCA,69,攻击召回率,5,0.8506925474820838,0.001039613466569508,0.8492142558729955,0.8517851978018447
RF,PCA,69,攻击精确率,5,0.7211676091641116,0.005380180742749397,0.7152880852786399,0.7289588270958497
RF,PCA,69,Accuracy,5,0.8337288287080484,0.0028716712014069754,0.830607320016088,0.8379921347812486
RF,PCA,69,Weighted-F1,5,0.8364011215392104,0.002720947915075766,0.8334473937154473,0.8404527241458283
RF,PCA,69,MCC,5,0.653937746139197,0.0047398517893062495,0.648865667806809,0.6611449021256425
DT,PCA,88,Macro-F1,5,0.9162417079931553,0.00044357746053758036,0.9159050980483119,0.9168970464846026
DT,PCA,88,攻击召回率,5,0.9859755117781276,0.0011721334926064724,0.9850242632644535,0.9874987948709708
DT,PCA,88,攻击精确率,5,0.8219631447837148,0.00021567485497705593,0.821771296842331,0.8223298632483207
DT,PCA,88,Accuracy,5,0.9208808151226707,0.00040339171991082395,0.9205769316709121,0.9214818787147517
DT,PCA,88,Weighted-F1,5,0.922248153212727,0.00040164403662847417,0.9219447999122165,0.92284485443005
DT,PCA,88,MCC,5,0.8423748575667138,0.0010037547087679163,0.8415985855236657,0.8438202558441823
RF,PCA,88,Macro-F1,5,0.8219125147110976,0.001524977327422712,0.8208061019721361,0.8245840710647427
RF,PCA,88,攻击召回率,5,0.8509753510942571,0.0007378872070477645,0.8499855384516503,0.8518494713500658
RF,PCA,88,攻击精确率,5,0.7183887074812008,0.003036161097232498,0.7163141667117434,0.723698251566476
RF,PCA,88,Accuracy,5,0.8322161147606918,0.0016071452257260233,0.831065379630871,0.8350315055637485
RF,PCA,88,Weighted-F1,5,0.8349647813780706,0.0015205369174057719,0.8338710288463173,0.8376285376700294
RF,PCA,88,MCC,5,0.6513985719848303,0.0026140706570812093,0.6494638035543642,0.6559749799107361
