模型,维数,模型随机种子,PCA减FS的Macro-F1,PCA减FS的攻击召回率
DT,10,42,0.03552278546973864,0.09046501912138061
DT,10,52,0.0354993857253616,0.09043288234726998
DT,10,62,0.035524839961721844,0.09049715589549123
DT,10,72,0.0354993857253616,0.09043288234726998
DT,10,82,0.03552278546973864,0.09046501912138061
DT,33,42,0.032896964931907524,0.04730533149082494
DT,33,52,0.032884189804678554,0.04727319471671432
DT,33,62,0.03288825301974274,0.04733746826493557
DT,33,72,0.032920483394420774,0.04733746826493557
DT,33,82,0.032886221535151305,0.04730533149082494
DT,45,42,0.09804423882891822,0.1263939325770479
DT,45,52,0.09791916902348574,0.12632965902882665
DT,45,62,0.09808443569144298,0.12658675322171153
DT,45,72,0.09807997330950502,0.12645820612526915
DT,45,82,0.09796495266788219,0.12636179580293727
DT,69,42,0.00826386220087827,0.01404377028633863
DT,69,52,0.008293864824695185,0.013915223189896131
DT,69,62,0.00846809613768662,0.01404377028633863
DT,69,72,0.008295887553300574,0.01397949673811738
DT,69,82,0.008300476589012229,0.013754539319343118
RF,10,42,0.06917500257143283,0.30954140823344145
RF,10,52,0.035036085910043924,0.09923835845357853
RF,10,62,0.035093985737688405,0.09576758684963205
RF,10,72,0.03476345885400067,0.09576758684963205
RF,10,82,0.03375418407807895,0.09300382427611908
RF,33,42,0.07187933250734413,0.28746344441944915
RF,33,52,0.07541325038644175,0.29540122762477106
RF,33,62,0.10561980488152489,0.36700196034322075
RF,33,72,0.06638146815208423,0.2734196741331105
RF,33,82,0.10565224859567546,0.3689944403380789
RF,45,42,0.01863393096783794,-0.018896423177041433
RF,45,52,0.021132662462063467,-0.011183597390493905
RF,45,62,0.0180475144274298,-0.019860526400359846
RF,45,72,0.017875425617284946,-0.019860526400359957
RF,45,82,0.01826082689825026,-0.019507021885143194
RF,69,42,0.029453940936789325,-0.028794549603110786
RF,69,52,0.023054449035111446,-0.01960343220747507
RF,69,62,-0.00432334209000973,-0.11296076099881092
RF,69,72,-0.0015278954244367648,-0.11180383713082875
RF,69,82,0.03452417001030306,-0.018960696725262682
