模型,输入方案,维数,模型随机种子,Macro-F1,攻击召回率,攻击精确率,Accuracy,Weighted-F1,MCC,TN,FP,FN,TP
DT,Original,88,42,0.9152028377406003,0.9850885368126747,0.8204764453961456,0.9198842561558743,0.9212739235595431,0.8403903992784323,51684,6707,464,30653
DT,Original,88,52,0.9150855312901227,0.9849599897162323,0.8203254643755687,0.9197725342986102,0.9211644375649568,0.8401606502627021,51678,6713,468,30649
DT,Original,88,62,0.9151574233467688,0.9850885368126747,0.8203886093566,0.9198395674129687,0.921230605315739,0.8403114910715296,51680,6711,464,30653
DT,Original,88,72,0.9149663374972329,0.9847671690715686,0.8202087794432548,0.919660812441346,0.9210543556431005,0.8399146613528244,51674,6717,474,30643
DT,Original,88,82,0.9151574233467688,0.9850885368126747,0.8203886093566,0.9198395674129687,0.921230605315739,0.8403114910715296,51680,6711,464,30653
RF,Original,88,42,0.8377567150357239,0.9869203329369798,0.6905158069883528,0.8416789560709658,0.8454433717861144,0.7154898925638542,44627,13764,407,30710
RF,Original,88,52,0.8381497285740607,0.9866632387440949,0.6911595866819747,0.8420923269428431,0.8458469675082178,0.7159848589543433,44672,13719,415,30702
RF,Original,88,62,0.8338106768918581,0.9859562297136614,0.6852191003707508,0.8376569692094561,0.8415145600283912,0.7091749078787196,44297,14094,437,30680
RF,Original,88,72,0.8358954089653773,0.9856348619725552,0.6882700118938085,0.8398132010546543,0.8436216462352935,0.7121866099584054,44500,13891,447,30670
RF,Original,88,82,0.831427854372395,0.9864061445512099,0.6817404437731825,0.8351879161639183,0.8390993030036045,0.705782901757531,44062,14329,423,30694
DT,FS,10,42,0.7577521728308956,0.7584278690105087,0.6471959413135884,0.772288510524199,0.7758340881025892,0.5215367726744494,45526,12865,7517,23600
DT,FS,10,52,0.7577521728308956,0.7584278690105087,0.6471959413135884,0.772288510524199,0.7758340881025892,0.5215367726744494,45526,12865,7517,23600
DT,FS,10,62,0.7577521728308956,0.7584278690105087,0.6471959413135884,0.772288510524199,0.7758340881025892,0.5215367726744494,45526,12865,7517,23600
DT,FS,10,72,0.7577521728308956,0.7584278690105087,0.6471959413135884,0.772288510524199,0.7758340881025892,0.5215367726744494,45526,12865,7517,23600
DT,FS,10,82,0.7577521728308956,0.7584278690105087,0.6471959413135884,0.772288510524199,0.7758340881025892,0.5215367726744494,45526,12865,7517,23600
RF,FS,10,42,0.7217445662442019,0.5402191727994344,0.710511855953337,0.7636412387719533,0.7546447691269006,0.4567315938928426,51542,6849,14307,16810
RF,FS,10,52,0.756145448550529,0.7539929941832438,0.646247073405867,0.7709925369799348,0.7744801171108665,0.5179623064595174,45548,12843,7655,23462
RF,FS,10,62,0.756145448550529,0.7539929941832438,0.646247073405867,0.7709925369799348,0.7744801171108665,0.5179623064595174,45548,12843,7655,23462
RF,FS,10,72,0.756145448550529,0.7539929941832438,0.646247073405867,0.7709925369799348,0.7744801171108665,0.5179623064595174,45548,12843,7655,23462
RF,FS,10,82,0.7571547233264507,0.7567567567567568,0.6468519942863422,0.7718081065379631,0.7753316630504145,0.5202030017833358,45535,12856,7569,23548
DT,PCA,10,42,0.7932749583006342,0.8488928881318893,0.6707379005637093,0.8025986503999643,0.8066525362014774,0.6013605591693565,45424,12967,4702,26415
DT,PCA,10,52,0.7932515585562572,0.8488607513577787,0.6707125082525012,0.8025763060285114,0.8066306506998872,0.6013132974379242,45423,12968,4703,26414
DT,PCA,10,62,0.7932770127926174,0.848925024906,0.670729230144221,0.8025986503999643,0.806653050257908,0.6013716879026242,45423,12968,4701,26416
DT,PCA,10,72,0.7932515585562572,0.8488607513577787,0.6707125082525012,0.8025763060285114,0.8066306506998872,0.6013132974379242,45423,12968,4703,26414
DT,PCA,10,82,0.7932749583006342,0.8488928881318893,0.6707379005637093,0.8025986503999643,0.8066525362014774,0.6013605591693565,45424,12967,4702,26415
RF,PCA,10,42,0.7909195688156347,0.8497605810328759,0.6666834753668499,0.8000737364257944,0.8042502734661497,0.5975928301245989,45171,13220,4675,26442
RF,PCA,10,52,0.7911815344605729,0.8532313526368224,0.6658474193710187,0.8001184251687,0.8043448307382344,0.5988925494604685,45067,13324,4567,26550
RF,PCA,10,62,0.7912394342882174,0.8497605810328759,0.6671881308033912,0.8004089019975869,0.8045710650950483,0.598131728665397,45201,13190,4675,26442
RF,PCA,10,72,0.7909089074045297,0.8497605810328759,0.6666666666666666,0.8000625642400679,0.8042395800087836,0.5975748730253437,45170,13221,4675,26442
RF,PCA,10,82,0.7909089074045297,0.8497605810328759,0.6666666666666666,0.8000625642400679,0.8042395800087836,0.5975748730253437,45170,13221,4675,26442
DT,FS,33,42,0.773793032440373,0.8054439695343382,0.655601768291088,0.7852705903382938,0.7893192160584611,0.5583501304287998,45225,13166,6054,25063
DT,FS,33,52,0.773793032440373,0.8054439695343382,0.655601768291088,0.7852705903382938,0.7893192160584611,0.5583501304287998,45225,13166,6054,25063
DT,FS,33,62,0.773793032440373,0.8054439695343382,0.655601768291088,0.7852705903382938,0.7893192160584611,0.5583501304287998,45225,13166,6054,25063
DT,FS,33,72,0.773793032440373,0.8054439695343382,0.655601768291088,0.7852705903382938,0.7893192160584611,0.5583501304287998,45225,13166,6054,25063
DT,FS,33,82,0.773793032440373,0.8054439695343382,0.655601768291088,0.7852705903382938,0.7893192160584611,0.5583501304287998,45225,13166,6054,25063
RF,FS,33,42,0.7322694747906893,0.5614615804865508,0.7184981082414871,0.7710707422800197,0.7633264306088551,0.4755990608384409,51546,6845,13646,17471
RF,FS,33,52,0.7284182229403191,0.553427386958897,0.7158415430020368,0.7683782455199535,0.7601613829518805,0.46874046703140837,51555,6836,13896,17221
RF,FS,33,62,0.6984163482864155,0.4815052864993412,0.7075128677338622,0.7505474371005944,0.7366230263193578,0.42068454199323335,52197,6194,16134,14983
RF,FS,33,72,0.7376650032919772,0.5752482565800044,0.719713722809698,0.7744559145551235,0.7676004243477962,0.48464009517710177,51420,6971,13217,17900
RF,FS,33,82,0.6983417900647506,0.47919143876337694,0.7103182164634146,0.7510054967153774,0.7367478954469585,0.4215378198729411,52310,6081,16206,14911
DT,PCA,33,42,0.8066899973722805,0.8527493010251631,0.6911596165867889,0.8163404388434553,0.8198509624547756,0.6251400424132109,46534,11857,4582,26535
DT,PCA,33,52,0.8066772222450516,0.8527171642510525,0.6911515719830168,0.8163292666577289,0.8198397152106197,0.6251111465572513,46534,11857,4583,26534
DT,PCA,33,62,0.8066812854601157,0.8527814377992737,0.6911316577679385,0.8163292666577289,0.8198408693360761,0.6251319289146208,46532,11859,4581,26536
DT,PCA,33,72,0.8067135158347938,0.8527814377992737,0.6911856636799333,0.8163627832149082,0.8198728797292504,0.625187443820722,46535,11856,4581,26536
DT,PCA,33,82,0.8066792539755243,0.8527493010251631,0.6911416143567838,0.8163292666577289,0.8198402923740865,0.6251215371530833,46533,11858,4582,26535
RF,PCA,33,42,0.8041488072980334,0.848925024906,0.6884904086738949,0.8139495910980025,0.8174987836931966,0.6199430950191037,46439,11952,4701,26416
RF,PCA,33,52,0.8038314733267609,0.8488286145836681,0.6879997916178271,0.8136255977119363,0.8171877207508248,0.6193755576528471,46413,11978,4704,26413
RF,PCA,33,62,0.8040361531679404,0.848507246842562,0.6884745762711865,0.8138602136121911,0.8174058165857585,0.6196598249970613,46444,11947,4714,26403
RF,PCA,33,72,0.8040464714440614,0.848667930713115,0.6884254431699687,0.8138602136121911,0.8174087600913366,0.6197118410175044,46439,11952,4709,26408
RF,PCA,33,82,0.8039940386604261,0.8481858791014558,0.6885369925910466,0.8138378692407383,0.8173785860081222,0.6195188581867815,46452,11939,4724,26393
DT,FS,45,42,0.7923926015127984,0.8492785294212167,0.6691904484566104,0.8016490146132189,0.8057502423012043,0.5999606676949156,45327,13064,4690,26427
DT,FS,45,52,0.7923926015127984,0.8492785294212167,0.6691904484566104,0.8016490146132189,0.8057502423012043,0.5999606676949156,45327,13064,4690,26427
DT,FS,45,62,0.7923926015127984,0.8492785294212167,0.6691904484566104,0.8016490146132189,0.8057502423012043,0.5999606676949156,45327,13064,4690,26427
DT,FS,45,72,0.7923926015127984,0.8492785294212167,0.6691904484566104,0.8016490146132189,0.8057502423012043,0.5999606676949156,45327,13064,4690,26427
DT,FS,45,82,0.7923926015127984,0.8492785294212167,0.6691904484566104,0.8016490146132189,0.8057502423012043,0.5999606676949156,45327,13064,4690,26427
RF,FS,45,42,0.7856651050643517,0.8678214480830414,0.6525384819853564,0.7934039415471242,0.7980750901437932,0.5936957348528021,44012,14379,4113,27004
RF,FS,45,52,0.7829319538715329,0.8594658868142816,0.65113334794147,0.791057782544577,0.7957292659877476,0.5868549299760724,44062,14329,4373,26744
RF,FS,45,62,0.7858742661734476,0.8677571745348202,0.6528687830943688,0.7936273852616526,0.7982896354789727,0.5940184363799268,44034,14357,4115,27002
RF,FS,45,72,0.7859481044476075,0.8675643538901565,0.6530395026488304,0.7937167627474639,0.7983737663330335,0.5940835918856902,44048,14343,4121,26996
RF,FS,45,82,0.7856906863881654,0.8675322171160459,0.6526679722443848,0.79344863029003,0.7981152408203119,0.5936543062758041,44025,14366,4122,26995
DT,PCA,45,42,0.8904368403417167,0.9756724619982646,0.7795208873597453,0.8956070965723735,0.8976891324850479,0.7959362213275145,49804,8587,757,30360
DT,PCA,45,52,0.8903117705362842,0.9756081884500434,0.7793294655234378,0.8954842025293829,0.8975697275347806,0.7957100119081023,49795,8596,759,30358
DT,PCA,45,62,0.8904770372042414,0.9758652826429283,0.7794948146626963,0.8956406131295527,0.8977233129843771,0.7960509757392487,49801,8590,751,30366
DT,PCA,45,72,0.8904725748223035,0.9757367355464859,0.7795522234774571,0.8956406131295527,0.8977221287384644,0.796012063689135,49805,8586,755,30362
DT,PCA,45,82,0.8903575541806806,0.975640325224154,0.7793951530088313,0.8955288912722885,0.8976132282295779,0.7957949198863509,49798,8593,758,30359
RF,PCA,45,42,0.8042990360321897,0.848925024906,0.6887417218543046,0.8141060016981723,0.8176480993437637,0.6202021078633229,46453,11938,4701,26416
RF,PCA,45,52,0.8040646163335964,0.8482822894237877,0.6886152561828237,0.8139049023550967,0.8174443441839581,0.6196610902083838,46455,11936,4721,26396
RF,PCA,45,62,0.8039217806008774,0.8478966481344603,0.6885357133536888,0.8137820083121062,0.8173199397577154,0.619332814237348,46456,11935,4733,26384
RF,PCA,45,72,0.8038235300648925,0.8477038274897966,0.6884509983035365,0.8136926308262948,0.8172310741058612,0.6191223962336689,46454,11937,4739,26378
RF,PCA,45,82,0.8039515132864157,0.8480251952309027,0.68853228962818,0.813804352683559,0.817343636366137,0.619411381757321,46454,11937,4729,26388
DT,FS,69,42,0.9082717217352937,0.973133656843526,0.8141148003763947,0.9134155606202797,0.9148905678264952,0.8259449984821968,51477,6914,836,30281
DT,FS,69,52,0.9083458194108334,0.9733264774881898,0.8141447810542727,0.9134825937346382,0.9149574467306755,0.8261120786570227,51477,6914,830,30287
DT,FS,69,62,0.908344792119389,0.9732943407140792,0.8141616710126617,0.9134825937346382,0.9149571175843902,0.8261039875877538,51478,6913,831,30286
DT,FS,69,72,0.9082737782703081,0.9731979303917473,0.8140810236834324,0.9134155606202797,0.9148912269213617,0.8259611779721767,51475,6916,834,30283
DT,FS,69,82,0.9083118541933348,0.9733264774881898,0.8140791312762069,0.913449077177459,0.9149249952547877,0.8260528148806998,51474,6917,830,30287
RF,FS,69,42,0.7909486279089499,0.8805797474049555,0.656311377245509,0.7981744648523037,0.8027915145619775,0.6060168113002172,44042,14349,3716,27401
RF,FS,69,52,0.798913401634082,0.870778031301218,0.6716573298299539,0.8070898690619833,0.8112689322800225,0.6163082446599346,45145,13246,4021,27096
RF,FS,69,62,0.8289128402503458,0.9621750168718064,0.6857221382437818,0.8335456048621352,0.8374914282075693,0.6927986810085353,44669,13722,1177,29940
RF,FS,69,72,0.828997428560486,0.9618536491307003,0.6859487085462838,0.833646154533673,0.8375886571953078,0.6928136217867303,44688,13703,1187,29930
RF,FS,69,82,0.7878706570506799,0.8701995693672269,0.6550547935263807,0.7955713455780489,0.8001861595073154,0.5979770537358248,44132,14259,4039,27078
DT,PCA,69,42,0.916535583936172,0.9871774271298647,0.8218203221146129,0.9211355409572328,0.9225061368221196,0.8431274726007993,51731,6660,399,30718
DT,PCA,69,52,0.9166396842355286,0.9872417006780859,0.8219837850854895,0.9212360906287707,0.9226042093078134,0.8433212692848273,51738,6653,397,30720
DT,PCA,69,62,0.9168128882570756,0.9873381110004178,0.8222620704421368,0.9214036734146669,0.9227675691144562,0.8436416060110044,51750,6641,394,30723
DT,PCA,69,72,0.9165696658236087,0.9871774271298647,0.821886287625418,0.9211690575144121,0.9225386327523759,0.8431866630912712,51734,6657,399,30718
DT,PCA,69,82,0.916612330782347,0.9870810168075329,0.8220259601231099,0.9212137462573178,0.9225810840242549,0.8432412846906128,51741,6650,402,30715
RF,PCA,69,42,0.8204025688457393,0.8517851978018447,0.7152880852786399,0.830607320016088,0.8334473937154473,0.648865667806809,47841,10550,4612,26505
RF,PCA,69,52,0.8219678506691934,0.8511745990937429,0.7183812959396784,0.8322608035035974,0.8350117125596095,0.6515265538984004,48008,10383,4631,26486
RF,PCA,69,62,0.8245894981603361,0.8492142558729955,0.7240916315010687,0.8350873664923806,0.8376652099422324,0.6558567773600764,48322,10069,4692,26425
RF,PCA,69,72,0.8274695331360492,0.8500498119998715,0.7289588270958497,0.8379921347812486,0.8404527241458283,0.6611449021256425,48556,9835,4666,26451
RF,PCA,69,82,0.822394827060983,0.8512388726419642,0.7191182060053212,0.8326965187469276,0.8354285673329344,0.6522948295050569,48045,10346,4629,26488
DT,PCA,88,42,0.9165073000329067,0.986984606485201,0.8218796831513594,0.9211131965857801,0.922482718507105,0.8430393609436243,51735,6656,405,30712
DT,PCA,88,52,0.9159107233825389,0.9852170839091172,0.821771296842331,0.9205769316709121,0.9219465860743621,0.841646924481731,51742,6649,460,30657
DT,PCA,88,62,0.915988372017416,0.985152810360896,0.8219600482638424,0.920655136970997,0.9220218071399022,0.8417691610403658,51751,6640,462,30655
DT,PCA,88,72,0.9159050980483119,0.9850242632644535,0.8218748324127205,0.9205769316709121,0.9219447999122165,0.8415985855236657,51748,6643,466,30651
DT,PCA,88,82,0.9168970464846026,0.9874987948709708,0.8223298632483207,0.9214818787147517,0.92284485443005,0.8438202558441823,51752,6639,389,30728
RF,PCA,88,42,0.8215999074171068,0.85049972683742,0.718045418780693,0.831925637931805,0.8346780152492735,0.6507561760039859,47999,10392,4652,26465
RF,PCA,88,52,0.8245840710647427,0.8499855384516503,0.723698251566476,0.8350315055637485,0.8376285376700294,0.6559749799107361,48293,10098,4668,26449
RF,PCA,88,62,0.8208061019721361,0.8511424623196323,0.7163141667117434,0.831065379630871,0.8338710288463173,0.6494638035543642,47902,10489,4632,26485
RF,PCA,88,72,0.8214575853370648,0.8518494713500658,0.7171419295492668,0.8316910220315502,0.8344823066215575,0.6507420706914363,47936,10455,4610,26507
RF,PCA,88,82,0.8211149077644371,0.8513995565125173,0.7167437707978248,0.8313670286454842,0.8341640185031752,0.6500558297636286,47921,10470,4624,26493
