模型,输入方案,维数,训练准备秒,模型训练秒,训练总秒,测试转换秒,模型预测秒,测试总秒
DT,Original,88,0.0,1.042022349000035,1.042022349000035,0.0,0.0120810589996835,0.0120810589996835
DT,FS,10,0.2085503919997791,0.0557789429999502,0.2643293349997293,0.003265131000262,0.002036199000031,0.005301330000293
DT,PCA,10,1.7664860360000605,0.2277636839999104,1.9942497199999707,0.0139176580000821,0.0023480159998143,0.0162656739998965
DT,FS,33,0.2480056290000902,0.2257646470002328,0.473770276000323,0.0113849479998862,0.0029769430002488,0.014361891000135
DT,PCA,33,1.610929438000312,1.0268670440000278,2.63779648200034,0.0095865630000844,0.0033603090000724,0.0129468720001568
DT,FS,45,0.3382061039997097,0.2688879160000397,0.6070940199997494,0.0182638330002191,0.0035256040000604,0.0217894370002795
DT,PCA,45,1.5703890150002735,1.732541909000247,3.3029309240005205,0.0116674010000679,0.0044473259999904,0.0161147270000583
DT,FS,69,0.4178380540001853,0.7708514849996391,1.1886895389998244,0.0232927669999298,0.0056783709997034,0.0289711379996333
DT,PCA,69,1.61455363999994,5.283276467999713,6.897830107999653,0.0165156979996936,0.0073696609997568,0.0238853589994505
DT,PCA,88,1.6197825120002562,5.680017371999838,7.299799884000095,0.0199740830003065,0.0116067679996376,0.0315808509999442
RF,Original,88,0.0,3.646590264999759,3.646590264999759,0.0,0.0690632979999463,0.0690632979999463
RF,FS,10,0.2085503919997791,1.7616275739997036,1.9701779659994827,0.003265131000262,0.0446692730001814,0.0479344040004434
RF,PCA,10,1.7664860360000605,2.242331754000133,4.008817790000194,0.0139176580000821,0.0447668300002987,0.0586844880003809
RF,FS,33,0.2480056290000902,2.402492878999965,2.650498508000055,0.0113849479998862,0.0456798069999422,0.0570647549998284
RF,PCA,33,1.610929438000312,3.3253279700002167,4.936257408000529,0.0095865630000844,0.0455789389998244,0.0551655019999088
RF,FS,45,0.3382061039997097,2.722804054999869,3.0610101589995797,0.0182638330002191,0.0473044349996598,0.065568267999879
RF,PCA,45,1.5703890150002735,4.164474630999848,5.734863646000122,0.0116674010000679,0.0474482039999202,0.0591156049999881
RF,FS,69,0.4178380540001853,3.505375630999879,3.923213685000064,0.0232927669999298,0.0580952459999934,0.0813880129999233
RF,PCA,69,1.61455363999994,6.105656314000044,7.720209953999983,0.0165156979996936,0.0574731619999511,0.0739888599996447
RF,PCA,88,1.6197825120002562,7.7900226589999875,9.409805171000244,0.0199740830003065,0.0693917560001864,0.089365839000493
