最大深度设置,输入方案,维数,攻击类型,测试记录数,检出数,漏报数,攻击类型召回率
5,Original,88,backdoor,4000,3999,1,0.99975
5,Original,88,ddos,4000,3993,7,0.99825
5,Original,88,dos,4000,3793,207,0.94825
5,Original,88,injection,4000,3992,8,0.998
5,Original,88,mitm,209,174,35,0.8325358851674641
5,Original,88,password,4000,3989,11,0.99725
5,Original,88,ransomware,4000,3901,99,0.97525
5,Original,88,scanning,3277,3265,12,0.9963381141287763
5,Original,88,xss,3631,3604,27,0.992564031947122
10,Original,88,backdoor,4000,3999,1,0.99975
10,Original,88,ddos,4000,3979,21,0.99475
10,Original,88,dos,4000,3785,215,0.94625
10,Original,88,injection,4000,3985,15,0.99625
10,Original,88,mitm,209,155,54,0.7416267942583732
10,Original,88,password,4000,3986,14,0.9965
10,Original,88,ransomware,4000,3901,99,0.97525
10,Original,88,scanning,3277,3256,21,0.9935916997253585
10,Original,88,xss,3631,3614,17,0.9953180941889287
不设上限,Original,88,backdoor,4000,3998,2,0.9995
不设上限,Original,88,ddos,4000,3985,15,0.99625
不设上限,Original,88,dos,4000,3982,18,0.9955
不设上限,Original,88,injection,4000,3992,8,0.998
不设上限,Original,88,mitm,209,186,23,0.8899521531100478
不设上限,Original,88,password,4000,3992,8,0.998
不设上限,Original,88,ransomware,4000,3733,267,0.93325
不设上限,Original,88,scanning,3277,3258,19,0.9942020140372292
不设上限,Original,88,xss,3631,3594,37,0.9898099697053153
5,FS,10,backdoor,4000,3972,28,0.993
5,FS,10,ddos,4000,2979,1021,0.74475
5,FS,10,dos,4000,3326,674,0.8315
5,FS,10,injection,4000,256,3744,0.064
5,FS,10,mitm,209,0,209,0.0
5,FS,10,password,4000,948,3052,0.237
5,FS,10,ransomware,4000,1012,2988,0.253
5,FS,10,scanning,3277,2774,503,0.8465059505645407
5,FS,10,xss,3631,1543,2088,0.42495180391076837
10,FS,10,backdoor,4000,3972,28,0.993
10,FS,10,ddos,4000,3112,888,0.778
10,FS,10,dos,4000,3329,671,0.83225
10,FS,10,injection,4000,3480,520,0.87
10,FS,10,mitm,209,7,202,0.03349282296650718
10,FS,10,password,4000,3706,294,0.9265
10,FS,10,ransomware,4000,1012,2988,0.253
10,FS,10,scanning,3277,2784,493,0.8495575221238938
10,FS,10,xss,3631,2198,1433,0.6053428807491049
不设上限,FS,10,backdoor,4000,3972,28,0.993
不设上限,FS,10,ddos,4000,3112,888,0.778
不设上限,FS,10,dos,4000,3329,671,0.83225
不设上限,FS,10,injection,4000,3480,520,0.87
不设上限,FS,10,mitm,209,7,202,0.03349282296650718
不设上限,FS,10,password,4000,3706,294,0.9265
不设上限,FS,10,ransomware,4000,1012,2988,0.253
不设上限,FS,10,scanning,3277,2784,493,0.8495575221238938
不设上限,FS,10,xss,3631,2198,1433,0.6053428807491049
5,PCA,10,backdoor,4000,3996,4,0.999
5,PCA,10,ddos,4000,3930,70,0.9825
5,PCA,10,dos,4000,3736,264,0.934
5,PCA,10,injection,4000,3550,450,0.8875
5,PCA,10,mitm,209,22,187,0.10526315789473684
5,PCA,10,password,4000,3943,57,0.98575
5,PCA,10,ransomware,4000,1119,2881,0.27975
5,PCA,10,scanning,3277,3203,74,0.9774183704607873
5,PCA,10,xss,3631,2943,688,0.8105205177637015
10,PCA,10,backdoor,4000,3998,2,0.9995
10,PCA,10,ddos,4000,3930,70,0.9825
10,PCA,10,dos,4000,3734,266,0.9335
10,PCA,10,injection,4000,3552,448,0.888
10,PCA,10,mitm,209,20,189,0.09569377990430622
10,PCA,10,password,4000,3944,56,0.986
10,PCA,10,ransomware,4000,1119,2881,0.27975
10,PCA,10,scanning,3277,3203,74,0.9774183704607873
10,PCA,10,xss,3631,2937,694,0.8088680804186175
不设上限,PCA,10,backdoor,4000,3998,2,0.9995
不设上限,PCA,10,ddos,4000,3930,70,0.9825
不设上限,PCA,10,dos,4000,3734,266,0.9335
不设上限,PCA,10,injection,4000,3552,448,0.888
不设上限,PCA,10,mitm,209,20,189,0.09569377990430622
不设上限,PCA,10,password,4000,3945,55,0.98625
不设上限,PCA,10,ransomware,4000,1119,2881,0.27975
不设上限,PCA,10,scanning,3277,3203,74,0.9774183704607873
不设上限,PCA,10,xss,3631,2938,693,0.8091434866427981
5,FS,33,backdoor,4000,3972,28,0.993
5,FS,33,ddos,4000,2981,1019,0.74525
5,FS,33,dos,4000,3326,674,0.8315
5,FS,33,injection,4000,258,3742,0.0645
5,FS,33,mitm,209,0,209,0.0
5,FS,33,password,4000,1174,2826,0.2935
5,FS,33,ransomware,4000,1012,2988,0.253
5,FS,33,scanning,3277,2774,503,0.8465059505645407
5,FS,33,xss,3631,1974,1657,0.5436518865326356
10,FS,33,backdoor,4000,3974,26,0.9935
10,FS,33,ddos,4000,3128,872,0.782
10,FS,33,dos,4000,3498,502,0.8745
10,FS,33,injection,4000,3440,560,0.86
10,FS,33,mitm,209,7,202,0.03349282296650718
10,FS,33,password,4000,3948,52,0.987
10,FS,33,ransomware,4000,1012,2988,0.253
10,FS,33,scanning,3277,2787,490,0.8504729935916997
10,FS,33,xss,3631,2533,1098,0.6976039658496282
不设上限,FS,33,backdoor,4000,3996,4,0.999
不设上限,FS,33,ddos,4000,3163,837,0.79075
不设上限,FS,33,dos,4000,3676,324,0.919
不设上限,FS,33,injection,4000,3517,483,0.87925
不设上限,FS,33,mitm,209,13,196,0.06220095693779904
不设上限,FS,33,password,4000,3949,51,0.98725
不设上限,FS,33,ransomware,4000,1119,2881,0.27975
不设上限,FS,33,scanning,3277,2854,423,0.8709185230393652
不设上限,FS,33,xss,3631,2776,855,0.7645276783255301
5,PCA,33,backdoor,4000,3998,2,0.9995
5,PCA,33,ddos,4000,3926,74,0.9815
5,PCA,33,dos,4000,3734,266,0.9335
5,PCA,33,injection,4000,3549,451,0.88725
5,PCA,33,mitm,209,13,196,0.06220095693779904
5,PCA,33,password,4000,3943,57,0.98575
5,PCA,33,ransomware,4000,1119,2881,0.27975
5,PCA,33,scanning,3277,3203,74,0.9774183704607873
5,PCA,33,xss,3631,2931,700,0.8072156430735334
10,PCA,33,backdoor,4000,3998,2,0.9995
10,PCA,33,ddos,4000,3932,68,0.983
10,PCA,33,dos,4000,3739,261,0.93475
10,PCA,33,injection,4000,3593,407,0.89825
10,PCA,33,mitm,209,41,168,0.19617224880382775
10,PCA,33,password,4000,3955,45,0.98875
10,PCA,33,ransomware,4000,1119,2881,0.27975
10,PCA,33,scanning,3277,3208,69,0.9789441562404638
10,PCA,33,xss,3631,2962,669,0.8157532360231341
不设上限,PCA,33,backdoor,4000,3998,2,0.9995
不设上限,PCA,33,ddos,4000,3938,62,0.9845
不设上限,PCA,33,dos,4000,3744,256,0.936
不设上限,PCA,33,injection,4000,3595,405,0.89875
不设上限,PCA,33,mitm,209,49,160,0.23444976076555024
不设上限,PCA,33,password,4000,3958,42,0.9895
不设上限,PCA,33,ransomware,4000,1119,2881,0.27975
不设上限,PCA,33,scanning,3277,3211,66,0.9798596277082697
不设上限,PCA,33,xss,3631,2974,657,0.8190581107133021
5,FS,45,backdoor,4000,3998,2,0.9995
5,FS,45,ddos,4000,3955,45,0.98875
5,FS,45,dos,4000,3755,245,0.93875
5,FS,45,injection,4000,3858,142,0.9645
5,FS,45,mitm,209,76,133,0.36363636363636365
5,FS,45,password,4000,3966,34,0.9915
5,FS,45,ransomware,4000,1054,2946,0.2635
5,FS,45,scanning,3277,3233,44,0.9865730851388465
5,FS,45,xss,3631,3109,522,0.8562379509776921
10,FS,45,backdoor,4000,3994,6,0.9985
10,FS,45,ddos,4000,3930,70,0.9825
10,FS,45,dos,4000,3736,264,0.934
10,FS,45,injection,4000,3551,449,0.88775
10,FS,45,mitm,209,22,187,0.10526315789473684
10,FS,45,password,4000,3951,49,0.98775
10,FS,45,ransomware,4000,1119,2881,0.27975
10,FS,45,scanning,3277,3203,74,0.9774183704607873
10,FS,45,xss,3631,2947,684,0.8116221426604241
不设上限,FS,45,backdoor,4000,3994,6,0.9985
不设上限,FS,45,ddos,4000,3928,72,0.982
不设上限,FS,45,dos,4000,3734,266,0.9335
不设上限,FS,45,injection,4000,3549,451,0.88725
不设上限,FS,45,mitm,209,14,195,0.06698564593301436
不设上限,FS,45,password,4000,3952,48,0.988
不设上限,FS,45,ransomware,4000,1119,2881,0.27975
不设上限,FS,45,scanning,3277,3203,74,0.9774183704607873
不设上限,FS,45,xss,3631,2934,697,0.8080418617460755
5,PCA,45,backdoor,4000,3998,2,0.9995
5,PCA,45,ddos,4000,3926,74,0.9815
5,PCA,45,dos,4000,3733,267,0.93325
5,PCA,45,injection,4000,3562,438,0.8905
5,PCA,45,mitm,209,10,199,0.04784688995215311
5,PCA,45,password,4000,3939,61,0.98475
5,PCA,45,ransomware,4000,1119,2881,0.27975
5,PCA,45,scanning,3277,3195,82,0.9749771132133048
5,PCA,45,xss,3631,2934,697,0.8080418617460755
10,PCA,45,backdoor,4000,3998,2,0.9995
10,PCA,45,ddos,4000,3869,131,0.96725
10,PCA,45,dos,4000,3771,229,0.94275
10,PCA,45,injection,4000,3860,140,0.965
10,PCA,45,mitm,209,145,64,0.69377990430622
10,PCA,45,password,4000,3984,16,0.996
10,PCA,45,ransomware,4000,3901,99,0.97525
10,PCA,45,scanning,3277,3239,38,0.9884040280744584
10,PCA,45,xss,3631,3523,108,0.970256127788488
不设上限,PCA,45,backdoor,4000,3998,2,0.9995
不设上限,PCA,45,ddos,4000,3868,132,0.967
不设上限,PCA,45,dos,4000,3778,222,0.9445
不设上限,PCA,45,injection,4000,3858,142,0.9645
不设上限,PCA,45,mitm,209,151,58,0.722488038277512
不设上限,PCA,45,password,4000,3986,14,0.9965
不设上限,PCA,45,ransomware,4000,3901,99,0.97525
不设上限,PCA,45,scanning,3277,3245,32,0.9902349710100702
不设上限,PCA,45,xss,3631,3545,86,0.9763150647204627
5,FS,69,backdoor,4000,3999,1,0.99975
5,FS,69,ddos,4000,3967,33,0.99175
5,FS,69,dos,4000,3758,242,0.9395
5,FS,69,injection,4000,3866,134,0.9665
5,FS,69,mitm,209,76,133,0.36363636363636365
5,FS,69,password,4000,3966,34,0.9915
5,FS,69,ransomware,4000,1387,2613,0.34675
5,FS,69,scanning,3277,3233,44,0.9865730851388465
5,FS,69,xss,3631,3149,482,0.8672541999449187
10,FS,69,backdoor,4000,3999,1,0.99975
10,FS,69,ddos,4000,3976,24,0.994
10,FS,69,dos,4000,3790,210,0.9475
10,FS,69,injection,4000,3931,69,0.98275
10,FS,69,mitm,209,171,38,0.8181818181818182
10,FS,69,password,4000,3987,13,0.99675
10,FS,69,ransomware,4000,3899,101,0.97475
10,FS,69,scanning,3277,3262,15,0.9954226426609704
10,FS,69,xss,3631,3617,14,0.9961443128614706
不设上限,FS,69,backdoor,4000,3999,1,0.99975
不设上限,FS,69,ddos,4000,3974,26,0.9935
不设上限,FS,69,dos,4000,3791,209,0.94775
不设上限,FS,69,injection,4000,3947,53,0.98675
不设上限,FS,69,mitm,209,183,26,0.8755980861244019
不设上限,FS,69,password,4000,3824,176,0.956
不设上限,FS,69,ransomware,4000,3778,222,0.9445
不设上限,FS,69,scanning,3277,3261,16,0.9951174855050351
不设上限,FS,69,xss,3631,3614,17,0.9953180941889287
5,PCA,69,backdoor,4000,3998,2,0.9995
5,PCA,69,ddos,4000,3925,75,0.98125
5,PCA,69,dos,4000,3743,257,0.93575
5,PCA,69,injection,4000,3581,419,0.89525
5,PCA,69,mitm,209,26,183,0.12440191387559808
5,PCA,69,password,4000,3944,56,0.986
5,PCA,69,ransomware,4000,1119,2881,0.27975
5,PCA,69,scanning,3277,3218,59,0.9819957277998169
5,PCA,69,xss,3631,2951,680,0.8127237675571468
10,PCA,69,backdoor,4000,3998,2,0.9995
10,PCA,69,ddos,4000,3971,29,0.99275
10,PCA,69,dos,4000,3782,218,0.9455
10,PCA,69,injection,4000,3981,19,0.99525
10,PCA,69,mitm,209,173,36,0.8277511961722488
10,PCA,69,password,4000,3986,14,0.9965
10,PCA,69,ransomware,4000,3901,99,0.97525
10,PCA,69,scanning,3277,3252,25,0.9923710711016174
10,PCA,69,xss,3631,3598,33,0.990911594602038
不设上限,PCA,69,backdoor,4000,3996,4,0.999
不设上限,PCA,69,ddos,4000,3987,13,0.99675
不设上限,PCA,69,dos,4000,3896,104,0.974
不设上限,PCA,69,injection,4000,3988,12,0.997
不设上限,PCA,69,mitm,209,187,22,0.8947368421052632
不设上限,PCA,69,password,4000,3989,11,0.99725
不设上限,PCA,69,ransomware,4000,3899,101,0.97475
不设上限,PCA,69,scanning,3277,3256,21,0.9935916997253585
不设上限,PCA,69,xss,3631,3583,48,0.986780501239328
5,PCA,88,backdoor,4000,3998,2,0.9995
5,PCA,88,ddos,4000,3927,73,0.98175
5,PCA,88,dos,4000,3733,267,0.93325
5,PCA,88,injection,4000,3576,424,0.894
5,PCA,88,mitm,209,18,191,0.0861244019138756
5,PCA,88,password,4000,3940,60,0.985
5,PCA,88,ransomware,4000,1119,2881,0.27975
5,PCA,88,scanning,3277,3206,71,0.9783338419285932
5,PCA,88,xss,3631,2948,683,0.8118975488846047
10,PCA,88,backdoor,4000,3998,2,0.9995
10,PCA,88,ddos,4000,3969,31,0.99225
10,PCA,88,dos,4000,3782,218,0.9455
10,PCA,88,injection,4000,3975,25,0.99375
10,PCA,88,mitm,209,171,38,0.8181818181818182
10,PCA,88,password,4000,3961,39,0.99025
10,PCA,88,ransomware,4000,3901,99,0.97525
10,PCA,88,scanning,3277,3252,25,0.9923710711016174
10,PCA,88,xss,3631,3588,43,0.9881575323602313
不设上限,PCA,88,backdoor,4000,3996,4,0.999
不设上限,PCA,88,ddos,4000,3986,14,0.9965
不设上限,PCA,88,dos,4000,3895,105,0.97375
不设上限,PCA,88,injection,4000,3986,14,0.9965
不设上限,PCA,88,mitm,209,187,22,0.8947368421052632
不设上限,PCA,88,password,4000,3988,12,0.997
不设上限,PCA,88,ransomware,4000,3899,101,0.97475
不设上限,PCA,88,scanning,3277,3255,22,0.9932865425694233
不设上限,PCA,88,xss,3631,3603,28,0.9922886257229413
