最大深度设置,输入方案,维数,相对深度5的Macro-F1变化,相对深度5的攻击召回率变化,相对深度5的攻击精确率变化,相对深度5的Accuracy变化,相对深度5的Weighted-F1变化,相对深度5的MCC变化
5,Original,88,0.0,0.0,0.0,0.0,0.0,0.0
10,Original,88,0.039205747169169136,-0.0016068387055306887,0.06113901036884262,0.04004111364347318,0.038891341269034596,0.060782580882228654
不设上限,Original,88,0.07940569735504266,0.00032136774110613775,0.1324809513903007,0.08007105510121992,0.0776591359884552,0.1287397060969091
5,FS,10,0.0,0.0,0.0,0.0,0.0,0.0
10,FS,10,0.03600760658669366,0.2182086962110743,-0.06331591463974862,0.008647271752245667,0.021189318975688654,0.0648051787816068
不设上限,FS,10,0.03600760658669366,0.2182086962110743,-0.06331591463974862,0.008647271752245667,0.021189318975688654,0.0648051787816068
5,PCA,10,0.0,0.0,0.0,0.0,0.0,0.0
10,PCA,10,0.002571300921055175,-0.00016068387055301336,0.004136113569968125,0.002703668945792548,0.0025845177133608788,0.004301697928488113
不设上限,PCA,10,0.002628767824197631,-9.641032233176361e-05,0.004203885388307516,0.0027595298744246266,0.002638974118650772,0.0044142728655680585
5,FS,33,0.0,0.0,0.0,0.0,0.0,0.0
10,FS,33,0.03408106808179445,0.22032972330237488,-0.06608982675682717,0.008267417437547442,0.019809605408338204,0.06517882921039425
不设上限,FS,33,0.04152355764968374,0.24398238904778735,-0.06289633995039912,0.014199848058274123,0.025992785449606037,0.08275106959035888
5,PCA,33,0.0,0.0,0.0,0.0,0.0,0.0
10,PCA,33,0.0019640170112661393,0.004209917408490527,0.001543901993603547,0.001765205344773646,0.001761497213745411,0.00428660037426698
不设上限,PCA,33,0.0025907663232779266,0.005463251598804453,0.0020729825830209103,0.002334986816820761,0.0023279831264481077,0.005636042040495282
5,FS,45,0.0,0.0,0.0,0.0,0.0,0.0
10,FS,45,0.006055368148981444,-0.017707362534948756,0.015281063090506364,0.0074853644366984495,0.006961184186810021,0.0053329990600303745
不设上限,FS,45,0.006727496448446724,-0.01854291866182467,0.016651966471254,0.008245073066094677,0.007675152157411103,0.006264932842113491
5,PCA,45,0.0,0.0,0.0,0.0,0.0,0.0
10,PCA,45,0.06419570974524313,0.12449786290452158,0.05406076968525109,0.05948071680743616,0.05873164411653209,0.13885616517135546
不设上限,PCA,45,0.06499319145609139,0.12578333386894625,0.054822877312157736,0.06024042543683239,0.05947596958334134,0.14052566366746255
5,FS,69,0.0,0.0,0.0,0.0,0.0,0.0
10,FS,69,0.05872111845098982,0.10383391715139634,0.05250017403179563,0.05581623988917195,0.054644282466694394,0.12675201724814167
不设上限,FS,69,0.10908020187456402,0.09544621910852591,0.14053492595016714,0.10698485051615503,0.10413818141691944,0.20628457154669555
5,PCA,69,0.0,0.0,0.0,0.0,0.0,0.0
10,PCA,69,0.07723003146151464,0.13294983449561326,0.07252525833879164,0.07188184296375744,0.07097931257930457,0.16139505194937365
不设上限,PCA,69,0.0958505592783192,0.1374168460969888,0.10479503935502565,0.09019305536935251,0.08875201727800419,0.19418643576842498
5,PCA,88,0.0,0.0,0.0,0.0,0.0,0.0
10,PCA,88,0.0651869976337418,0.13278915062506025,0.05126464860339641,0.05976002145059656,0.059284818994269406,0.14103571231089007
不设上限,PCA,88,0.0851322395231302,0.13915223189896198,0.0838032988342009,0.07945658488626717,0.0783998821909172,0.17606482775256282
