最大深度设置,输入方案,维数,训练Macro-F1,测试Macro-F1,训练减测试Macro-F1,训练Accuracy,测试Accuracy,树数量,实际最小树深,实际最大树深,平均叶子数
5,Original,88,0.9173701367884888,0.8377567150357239,0.07961342175276487,0.9209934972701851,0.8416789560709658,100,5,5,24.54
10,Original,88,0.9493802825758186,0.876962462204893,0.07241782037092559,0.9522920458076257,0.881720069714439,100,10,10,158.36
不设上限,Original,88,0.9844845648421011,0.9171624123907666,0.06732215245133455,0.9855935682897599,0.9217500111721857,100,27,44,969.53
5,FS,10,0.7401194110188845,0.7217445662442019,0.01837484477468254,0.796822983709885,0.7636412387719533,100,5,5,9.56
10,FS,10,0.7917332708947189,0.7577521728308956,0.03398109806382332,0.8166363353899418,0.772288510524199,100,10,10,16.98
不设上限,FS,10,0.7917332708947189,0.7577521728308956,0.03398109806382332,0.8166363353899418,0.772288510524199,100,10,10,16.98
5,PCA,10,0.8721542031318297,0.7909195688156347,0.08123463431619493,0.8807037595987394,0.8000737364257944,100,5,5,25.46
10,PCA,10,0.8743739945186113,0.7934908697366899,0.08088312478192139,0.8829064760974744,0.8027774053715869,100,10,10,101.36
不设上限,PCA,10,0.8744275689144289,0.7935483366398324,0.08087923227459648,0.8829564117359847,0.802833266300219,100,13,21,136.01
5,FS,33,0.7403681327993914,0.7322694747906893,0.008098658008702131,0.7970033068489503,0.7710707422800197,100,5,5,14.16
10,FS,33,0.8519554862993145,0.7663505428724837,0.08560494342683078,0.863561964578987,0.7793381597175671,100,10,10,35.07
不设上限,FS,33,0.8572144054226705,0.773793032440373,0.08342137298229746,0.8678453326823206,0.7852705903382938,100,19,24,54.57
5,PCA,33,0.8827202652034274,0.8041488072980334,0.078571457905394,0.8912346309201473,0.8139495910980025,100,5,5,27.9
10,PCA,33,0.8844703998519382,0.8061128243092995,0.07835757554263867,0.892796506724666,0.8157147964427761,100,10,10,154.57
不设上限,PCA,33,0.8852077565258702,0.8067395736213113,0.07846818290455893,0.8934706378445559,0.8162845779148232,100,15,27,253.45
5,FS,45,0.8675628451189439,0.7856651050643517,0.08189774005459216,0.8754910337786852,0.7934039415471242,100,5,5,18.26
10,FS,45,0.8727090675511721,0.7917204732133332,0.08098859433783889,0.881244729015935,0.8008893059838227,100,10,10,62.17
不设上限,FS,45,0.8734630525802543,0.7923926015127984,0.0810704510674558,0.8820131830085667,0.8016490146132189,100,19,34,148.11
5,PCA,45,0.882815548084523,0.8042990360321897,0.07851651205233334,0.8913289537928891,0.8141060016981723,100,5,5,28.91
10,PCA,45,0.9436891592084116,0.8684947457774328,0.07519441343097877,0.946968351901993,0.8735867185056084,100,10,10,202.19
不设上限,PCA,45,0.9446429505943855,0.869292227488281,0.07535072310610447,0.9478671933951796,0.8743464271350047,100,18,31,425.42
5,FS,69,0.8765397154408614,0.7909486279089499,0.08559108753191147,0.8834724133339251,0.7981744648523037,100,5,5,24.08
10,FS,69,0.9173440681911311,0.8496697463599397,0.06767432183119138,0.9216648541879355,0.8539907047414756,100,10,10,131.99
不设上限,FS,69,0.9585995461755306,0.900028829783514,0.05857071639201661,0.9616522038261796,0.9051593153684587,100,28,48,644.97
5,PCA,69,0.8956421503128309,0.8204025688457393,0.07523958146709164,0.9038572506547117,0.830607320016088,100,5,5,29.89
10,PCA,69,0.9666080496453107,0.8976326003072539,0.06897544933805677,0.9688013227395801,0.9024891629798454,100,10,10,259.2
不设上限,PCA,69,0.9823119267212366,0.9162531281240585,0.06605879859717811,0.9835767233343691,0.9208003753854405,100,20,33,773.18
5,PCA,88,0.8966898807116852,0.8215999074171068,0.07508997329457845,0.9049197700741267,0.831925637931805,100,5,5,29.48
10,PCA,88,0.9577642048838333,0.8867869050508486,0.07097729983298473,0.9603760708420258,0.8916856593824015,100,10,10,247.76
不设上限,PCA,88,0.9747865856767928,0.906732146940237,0.06805443873655581,0.9764969594744551,0.9113822228180721,100,20,35,725.97
