最大深度设置,维数,比较,Macro-F1差值,攻击召回率差值,攻击精确率差值,Accuracy差值,Weighted-F1差值,MCC差值
5,10,PCA减FS,0.06917500257143283,0.30954140823344145,-0.04382838058648708,0.036432497653841045,0.04960550433924915,0.14086123623175623
5,33,PCA减FS,0.07187933250734413,0.28746344441944915,-0.030007699567592194,0.04287884881798276,0.05417235308434154,0.14434403418066283
5,45,PCA减FS,0.01863393096783794,-0.018896423177041433,0.036203239868948245,0.02070206015104803,0.019573009199970515,0.026506373010520723
5,69,PCA减FS,0.029453940936789325,-0.028794549603110786,0.05897670803313082,0.03243285516378425,0.03065587915346979,0.04284885650659176
5,88,PCA减Original,-0.016156807618617153,-0.13642060609955975,0.027529611792340147,-0.009753318139160805,-0.010765356536840853,-0.06473371655986826
10,10,PCA减FS,0.03573869690579434,0.09117202815181413,0.02362364762322966,0.030488894847387926,0.031000703076921376,0.08035775537863754
10,33,PCA减FS,0.039762281436815816,0.0713436385255648,0.03762602918283853,0.036376636725208966,0.03612424488974875,0.08345180534453556
10,45,PCA减FS,0.07677427256409963,0.12330880226242891,0.07498294646369297,0.07269741252178574,0.07134346912969258,0.1600295391218458
10,69,PCA减FS,0.047962853947314144,0.00032136774110613775,0.07900179234012683,0.048498458238369735,0.04699090926607996,0.07749189120782374
10,88,PCA减Original,0.009824442845955517,-0.002024616768968812,0.017655250026893943,0.009965589667962571,0.009628121188393957,0.015519414868793158
不设上限,10,PCA减FS,0.0357961638089368,0.09123630170003538,0.02369141944156905,0.030544755776020005,0.03105515948221127,0.08047033031571749
不设上限,33,PCA减FS,0.032946541180938316,0.048944306970466256,0.03496162296582783,0.0310139875765294,0.03050755076118361,0.06722900663079923
不设上限,45,PCA减FS,0.07689962597548261,0.12542982935372948,0.07437415070985198,0.07269741252178574,0.07137382662590075,0.16076710383586978
不设上限,69,PCA减FS,0.016224298340544507,0.013176077385352092,0.02323682143798933,0.015641060016981734,0.015269715014554541,0.03075072072832119
不设上限,88,PCA减Original,-0.010430265450529608,0.0024102580582960886,-0.021148040763759646,-0.01036778835411356,-0.010024610334378847,-0.017408594904214536
