最大深度设置,参数,取值
5,bootstrap,True
5,ccp_alpha,0.0
5,class_weight,None
5,criterion,gini
5,max_depth,5
5,max_features,sqrt
5,max_leaf_nodes,None
5,max_samples,None
5,min_impurity_decrease,0.0
5,min_samples_leaf,1
5,min_samples_split,2
5,min_weight_fraction_leaf,0.0
5,monotonic_cst,None
5,n_estimators,100
5,n_jobs,4
5,oob_score,False
5,random_state,42
5,verbose,0
5,warm_start,False
10,bootstrap,True
10,ccp_alpha,0.0
10,class_weight,None
10,criterion,gini
10,max_depth,10
10,max_features,sqrt
10,max_leaf_nodes,None
10,max_samples,None
10,min_impurity_decrease,0.0
10,min_samples_leaf,1
10,min_samples_split,2
10,min_weight_fraction_leaf,0.0
10,monotonic_cst,None
10,n_estimators,100
10,n_jobs,4
10,oob_score,False
10,random_state,42
10,verbose,0
10,warm_start,False
不设上限,bootstrap,True
不设上限,ccp_alpha,0.0
不设上限,class_weight,None
不设上限,criterion,gini
不设上限,max_depth,None
不设上限,max_features,sqrt
不设上限,max_leaf_nodes,None
不设上限,max_samples,None
不设上限,min_impurity_decrease,0.0
不设上限,min_samples_leaf,1
不设上限,min_samples_split,2
不设上限,min_weight_fraction_leaf,0.0
不设上限,monotonic_cst,None
不设上限,n_estimators,100
不设上限,n_jobs,4
不设上限,oob_score,False
不设上限,random_state,42
不设上限,verbose,0
不设上限,warm_start,False
