最大深度设置,输入方案,维数,模型随机种子,Pearson阈值,Macro-F1,攻击召回率,攻击精确率,Accuracy,Weighted-F1,MCC,TN,FP,FN,TP,训练准备秒,测试转换秒,模型训练秒,模型预测秒,训练总秒,测试总秒
5,Original,88,42,,0.8377567150357239,0.9869203329369798,0.6905158069883528,0.8416789560709658,0.8454433717861144,0.7154898925638542,44627,13764,407,30710,1.1339998309267685e-06,4.1600105760153383e-07,3.9348560309990717,0.0723148860015499,3.9348571649989026,0.0723153020026075
10,Original,88,42,,0.876962462204893,0.9853134942314491,0.7516548173571954,0.881720069714439,0.884334713055149,0.7762724734460829,48261,10130,457,30660,1.1339998309267685e-06,4.1600105760153383e-07,5.176603410000098,0.07922287400106143,5.176604543999929,0.07922329000211903
不设上限,Original,88,42,,0.9171624123907666,0.9872417006780859,0.8229967583786535,0.9217500111721857,0.9231025077745696,0.8442295986607633,51784,6607,397,30720,1.1339998309267685e-06,4.1600105760153383e-07,5.891205357000217,0.10192991700023413,5.891206491000048,0.10193033300129173
5,FS,10,42,0.01,0.7217445662442019,0.5402191727994344,0.710511855953337,0.7636412387719533,0.7546447691269006,0.4567315938928426,51542,6849,14307,16810,0.48558568400039803,0.003783395000937162,1.980450405000738,0.04526373000044259,2.466036089001136,0.049047125001379754
10,FS,10,42,0.01,0.7577521728308956,0.7584278690105087,0.6471959413135884,0.772288510524199,0.7758340881025892,0.5215367726744494,45526,12865,7517,23600,0.48558568400039803,0.003783395000937162,2.245001894001689,0.04540779000126349,2.730587578002087,0.049191185002200655
不设上限,FS,10,42,0.01,0.7577521728308956,0.7584278690105087,0.6471959413135884,0.772288510524199,0.7758340881025892,0.5215367726744494,45526,12865,7517,23600,0.48558568400039803,0.003783395000937162,2.2158117319995654,0.055845815000793664,2.7013974159999634,0.059629210001730826
5,PCA,10,42,0.01,0.7909195688156347,0.8497605810328759,0.6666834753668499,0.8000737364257944,0.8042502734661497,0.5975928301245989,45171,13220,4675,26442,2.028090350000639,0.016619017000266467,2.711831574999451,0.045192151999799535,4.73992192500009,0.061811169000066
10,PCA,10,42,0.01,0.7934908697366899,0.8495998971623229,0.670819588936818,0.8027774053715869,0.8068347911795106,0.601894528053087,45418,12973,4680,26437,2.028090350000639,0.016619017000266467,3.146337279000363,0.05556246400010423,5.174427629001002,0.0721814810003707
不设上限,PCA,10,42,0.01,0.7935483366398324,0.8496641707105441,0.6708873607551574,0.802833266300219,0.8068892475848005,0.6020071029901669,45421,12970,4678,26439,2.028090350000639,0.016619017000266467,3.151256334998834,0.05471419099922059,5.179346684999473,0.07133320799948706
5,FS,33,42,0.015,0.7322694747906893,0.5614615804865508,0.7184981082414871,0.7710707422800197,0.7633264306088551,0.4755990608384409,51546,6845,13646,17471,0.560871858999235,0.015362140999059193,2.9153272100011236,0.07181957799912198,3.4761990690003586,0.08718171899818117
10,FS,33,42,0.015,0.7663505428724837,0.7817913037889257,0.6524082814846599,0.7793381597175671,0.7831360360171933,0.5407778900488351,45430,12961,6790,24327,0.560871858999235,0.015362140999059193,3.4753305270005512,0.056795484000758734,4.036202385999786,0.07215762499981793
不设上限,FS,33,42,0.015,0.773793032440373,0.8054439695343382,0.655601768291088,0.7852705903382938,0.7893192160584611,0.5583501304287998,45225,13166,6054,25063,0.560871858999235,0.015362140999059193,3.869134321999809,0.05649470000025758,4.430006180999044,0.07185684099931677
5,PCA,33,42,0.015,0.8041488072980334,0.848925024906,0.6884904086738949,0.8139495910980025,0.8174987836931966,0.6199430950191037,46439,11952,4701,26416,1.9380982860002405,0.03690059600012319,4.544611109000471,0.046457090000330936,6.482709395000711,0.08335768600045412
10,PCA,33,42,0.015,0.8061128243092995,0.8531349423144905,0.6900343106674984,0.8157147964427761,0.819260280906942,0.6242296953933707,46466,11925,4570,26547,1.9380982860002405,0.03690059600012319,5.591230928999721,0.05552227199950721,7.5293292149999616,0.0924228679996304
不设上限,PCA,33,42,0.015,0.8067395736213113,0.8543882765048044,0.6905633912569158,0.8162845779148232,0.8198267668196447,0.625579137059599,46478,11913,4531,26586,1.9380982860002405,0.03690059600012319,5.874800348999997,0.05666156000006595,7.812898635000238,0.09356215600018913
5,FS,45,42,0.02,0.7856651050643517,0.8678214480830414,0.6525384819853564,0.7934039415471242,0.7980750901437932,0.5936957348528021,44012,14379,4113,27004,0.46512851799889177,0.01461937800013402,2.8957505720009067,0.04627507599980163,3.3608790899997985,0.06089445399993565
10,FS,45,42,0.02,0.7917204732133332,0.8501140855480926,0.6678195450758627,0.8008893059838227,0.8050362743306032,0.5990287339128325,45233,13158,4664,26453,0.46512851799889177,0.01461937800013402,3.657247274999463,0.057475227000395535,4.122375792998355,0.07209460500052955
不设上限,FS,45,42,0.02,0.7923926015127984,0.8492785294212167,0.6691904484566104,0.8016490146132189,0.8057502423012043,0.5999606676949156,45327,13064,4690,26427,0.46512851799889177,0.01461937800013402,4.015595364000546,0.06716935400072543,4.480723881999438,0.08178873200085945
5,PCA,45,42,0.02,0.8042990360321897,0.848925024906,0.6887417218543046,0.8141060016981723,0.8176480993437637,0.6202021078633229,46453,11938,4701,26416,1.878977501000918,0.012372897999739507,5.545182085999841,0.05250011400130461,7.424159587000759,0.06487301200104412
10,PCA,45,42,0.02,0.8684947457774328,0.9734228878105216,0.7428024915395557,0.8735867185056084,0.8763797434602958,0.7590582730346783,47903,10488,827,30290,1.878977501000918,0.012372897999739507,7.22993779799981,0.05631732100118825,9.108915299000728,0.06869021900092775
不设上限,PCA,45,42,0.02,0.869292227488281,0.9747083587749462,0.7435645991664623,0.8743464271350047,0.877124068927105,0.7607277715307854,47931,10460,787,30330,1.878977501000918,0.012372897999739507,7.804985695000141,0.06657446299868752,9.68396319600106,0.07894736099842703
5,FS,69,42,0.03,0.7909486279089499,0.8805797474049555,0.656311377245509,0.7981744648523037,0.8027915145619775,0.6060168113002172,44042,14349,3716,27401,0.4783333559989842,0.025268606999816257,3.661957432001145,0.05870828600018285,4.140290788000129,0.08397689299999911
10,FS,69,42,0.03,0.8496697463599397,0.9844136645563518,0.7088115512773047,0.8539907047414756,0.8574357970286719,0.7327688285483589,45807,12584,485,30632,0.4783333559989842,0.025268606999816257,4.804464097000164,0.06875997799943434,5.282797452999148,0.0940285849992506
不设上限,FS,69,42,0.03,0.900028829783514,0.9760259665134814,0.7968463031956762,0.9051593153684587,0.9069296959788969,0.8123013828469128,50648,7743,746,30371,0.4783333559989842,0.025268606999816257,5.4644993860001705,0.07884289100002206,5.942832741999155,0.10411149799983832
5,PCA,69,42,0.03,0.8204025688457393,0.8517851978018447,0.7152880852786399,0.830607320016088,0.8334473937154473,0.648865667806809,47841,10550,4612,26505,1.8329758270010643,0.017739847000484588,7.839989740999954,0.05846766899958311,9.672965568001018,0.0762075160000677
10,PCA,69,42,0.03,0.8976326003072539,0.984735032297458,0.7878133436174315,0.9024891629798454,0.9044267062947519,0.8102607197561826,50138,8253,475,30642,1.8329758270010643,0.017739847000484588,10.908031033000952,0.06939654699999664,12.741006860002017,0.08713639400048123
不设上限,PCA,69,42,0.03,0.9162531281240585,0.9892020438988335,0.8200831246336655,0.9208003753854405,0.9221994109934515,0.843052103575234,51638,6753,336,30781,1.8329758270010643,0.017739847000484588,12.486410817999058,0.07748940300007234,14.319386645000122,0.09522925000055693
5,PCA,88,42,,0.8215999074171068,0.85049972683742,0.718045418780693,0.831925637931805,0.8346780152492735,0.6507561760039859,47999,10392,4652,26465,1.8877931120005087,0.019411901999774273,9.298024964999058,0.06972400300037407,11.185818076999567,0.08913590500014834
10,PCA,88,42,,0.8867869050508486,0.9832888774624803,0.7693100673840894,0.8916856593824015,0.893962834243543,0.791791888314876,49216,9175,520,30597,1.8877931120005087,0.019411901999774273,13.275098066998908,0.08931599399875267,15.162891178999416,0.10872789599852695
不设上限,PCA,88,42,,0.906732146940237,0.989651958736382,0.8018487176148938,0.9113822228180721,0.9130778974401907,0.8268210037565488,50781,7610,322,30795,1.8877931120005087,0.019411901999774273,14.657776865000415,0.09019608999915363,16.545569977000923,0.1096079919989279
