模型,输入方案,维数,攻击类型,测试记录数,检出数,漏报数,攻击类型召回率
DT,Original,88,backdoor,4000,3998,2,0.9995
DT,Original,88,ddos,4000,3981,19,0.99525
DT,Original,88,dos,4000,3981,19,0.99525
DT,Original,88,injection,4000,3987,13,0.99675
DT,Original,88,mitm,209,187,22,0.8947368421052632
DT,Original,88,password,4000,3987,13,0.99675
DT,Original,88,ransomware,4000,3715,285,0.92875
DT,Original,88,scanning,3277,3256,21,0.9935916997253585
DT,Original,88,xss,3631,3561,70,0.9807215643073534
RF,Original,88,backdoor,4000,3999,1,0.99975
RF,Original,88,ddos,4000,3993,7,0.99825
RF,Original,88,dos,4000,3793,207,0.94825
RF,Original,88,injection,4000,3992,8,0.998
RF,Original,88,mitm,209,174,35,0.8325358851674641
RF,Original,88,password,4000,3989,11,0.99725
RF,Original,88,ransomware,4000,3901,99,0.97525
RF,Original,88,scanning,3277,3265,12,0.9963381141287763
RF,Original,88,xss,3631,3604,27,0.992564031947122
DT,FS,10,backdoor,4000,3972,28,0.993
DT,FS,10,ddos,4000,3112,888,0.778
DT,FS,10,dos,4000,3329,671,0.83225
DT,FS,10,injection,4000,3480,520,0.87
DT,FS,10,mitm,209,7,202,0.03349282296650718
DT,FS,10,password,4000,3706,294,0.9265
DT,FS,10,ransomware,4000,1012,2988,0.253
DT,FS,10,scanning,3277,2784,493,0.8495575221238938
DT,FS,10,xss,3631,2198,1433,0.6053428807491049
RF,FS,10,backdoor,4000,3972,28,0.993
RF,FS,10,ddos,4000,2979,1021,0.74475
RF,FS,10,dos,4000,3326,674,0.8315
RF,FS,10,injection,4000,256,3744,0.064
RF,FS,10,mitm,209,0,209,0.0
RF,FS,10,password,4000,948,3052,0.237
RF,FS,10,ransomware,4000,1012,2988,0.253
RF,FS,10,scanning,3277,2774,503,0.8465059505645407
RF,FS,10,xss,3631,1543,2088,0.42495180391076837
DT,FS,33,backdoor,4000,3996,4,0.999
DT,FS,33,ddos,4000,3163,837,0.79075
DT,FS,33,dos,4000,3676,324,0.919
DT,FS,33,injection,4000,3517,483,0.87925
DT,FS,33,mitm,209,13,196,0.06220095693779904
DT,FS,33,password,4000,3949,51,0.98725
DT,FS,33,ransomware,4000,1119,2881,0.27975
DT,FS,33,scanning,3277,2854,423,0.8709185230393652
DT,FS,33,xss,3631,2776,855,0.7645276783255301
RF,FS,33,backdoor,4000,3972,28,0.993
RF,FS,33,ddos,4000,2981,1019,0.74525
RF,FS,33,dos,4000,3326,674,0.8315
RF,FS,33,injection,4000,258,3742,0.0645
RF,FS,33,mitm,209,0,209,0.0
RF,FS,33,password,4000,1174,2826,0.2935
RF,FS,33,ransomware,4000,1012,2988,0.253
RF,FS,33,scanning,3277,2774,503,0.8465059505645407
RF,FS,33,xss,3631,1974,1657,0.5436518865326356
DT,FS,45,backdoor,4000,3994,6,0.9985
DT,FS,45,ddos,4000,3928,72,0.982
DT,FS,45,dos,4000,3734,266,0.9335
DT,FS,45,injection,4000,3548,452,0.887
DT,FS,45,mitm,209,14,195,0.06698564593301436
DT,FS,45,password,4000,3952,48,0.988
DT,FS,45,ransomware,4000,1119,2881,0.27975
DT,FS,45,scanning,3277,3203,74,0.9774183704607873
DT,FS,45,xss,3631,2935,696,0.8083172679702562
RF,FS,45,backdoor,4000,3998,2,0.9995
RF,FS,45,ddos,4000,3955,45,0.98875
RF,FS,45,dos,4000,3755,245,0.93875
RF,FS,45,injection,4000,3858,142,0.9645
RF,FS,45,mitm,209,76,133,0.36363636363636365
RF,FS,45,password,4000,3966,34,0.9915
RF,FS,45,ransomware,4000,1054,2946,0.2635
RF,FS,45,scanning,3277,3233,44,0.9865730851388465
RF,FS,45,xss,3631,3109,522,0.8562379509776921
DT,FS,69,backdoor,4000,3996,4,0.999
DT,FS,69,ddos,4000,3982,18,0.9955
DT,FS,69,dos,4000,3788,212,0.947
DT,FS,69,injection,4000,3976,24,0.994
DT,FS,69,mitm,209,183,26,0.8755980861244019
DT,FS,69,password,4000,3816,184,0.954
DT,FS,69,ransomware,4000,3715,285,0.92875
DT,FS,69,scanning,3277,3255,22,0.9932865425694233
DT,FS,69,xss,3631,3570,61,0.9832002203249793
RF,FS,69,backdoor,4000,3999,1,0.99975
RF,FS,69,ddos,4000,3967,33,0.99175
RF,FS,69,dos,4000,3758,242,0.9395
RF,FS,69,injection,4000,3866,134,0.9665
RF,FS,69,mitm,209,76,133,0.36363636363636365
RF,FS,69,password,4000,3966,34,0.9915
RF,FS,69,ransomware,4000,1387,2613,0.34675
RF,FS,69,scanning,3277,3233,44,0.9865730851388465
RF,FS,69,xss,3631,3149,482,0.8672541999449187
DT,PCA,10,backdoor,4000,3998,2,0.9995
DT,PCA,10,ddos,4000,3930,70,0.9825
DT,PCA,10,dos,4000,3734,266,0.9335
DT,PCA,10,injection,4000,3552,448,0.888
DT,PCA,10,mitm,209,22,187,0.10526315789473684
DT,PCA,10,password,4000,3945,55,0.98625
DT,PCA,10,ransomware,4000,1119,2881,0.27975
DT,PCA,10,scanning,3277,3203,74,0.9774183704607873
DT,PCA,10,xss,3631,2912,719,0.8019829248141008
RF,PCA,10,backdoor,4000,3996,4,0.999
RF,PCA,10,ddos,4000,3930,70,0.9825
RF,PCA,10,dos,4000,3736,264,0.934
RF,PCA,10,injection,4000,3550,450,0.8875
RF,PCA,10,mitm,209,22,187,0.10526315789473684
RF,PCA,10,password,4000,3943,57,0.98575
RF,PCA,10,ransomware,4000,1119,2881,0.27975
RF,PCA,10,scanning,3277,3203,74,0.9774183704607873
RF,PCA,10,xss,3631,2943,688,0.8105205177637015
DT,PCA,33,backdoor,4000,3998,2,0.9995
DT,PCA,33,ddos,4000,3935,65,0.98375
DT,PCA,33,dos,4000,3743,257,0.93575
DT,PCA,33,injection,4000,3589,411,0.89725
DT,PCA,33,mitm,209,52,157,0.24880382775119617
DT,PCA,33,password,4000,3958,42,0.9895
DT,PCA,33,ransomware,4000,1077,2923,0.26925
DT,PCA,33,scanning,3277,3206,71,0.9783338419285932
DT,PCA,33,xss,3631,2977,654,0.8198843293858441
RF,PCA,33,backdoor,4000,3998,2,0.9995
RF,PCA,33,ddos,4000,3926,74,0.9815
RF,PCA,33,dos,4000,3734,266,0.9335
RF,PCA,33,injection,4000,3549,451,0.88725
RF,PCA,33,mitm,209,13,196,0.06220095693779904
RF,PCA,33,password,4000,3943,57,0.98575
RF,PCA,33,ransomware,4000,1119,2881,0.27975
RF,PCA,33,scanning,3277,3203,74,0.9774183704607873
RF,PCA,33,xss,3631,2931,700,0.8072156430735334
DT,PCA,45,backdoor,4000,3998,2,0.9995
DT,PCA,45,ddos,4000,3958,42,0.9895
DT,PCA,45,dos,4000,3783,217,0.94575
DT,PCA,45,injection,4000,3879,121,0.96975
DT,PCA,45,mitm,209,177,32,0.84688995215311
DT,PCA,45,password,4000,3929,71,0.98225
DT,PCA,45,ransomware,4000,3840,160,0.96
DT,PCA,45,scanning,3277,3248,29,0.9911504424778761
DT,PCA,45,xss,3631,3548,83,0.9771412833930047
RF,PCA,45,backdoor,4000,3998,2,0.9995
RF,PCA,45,ddos,4000,3926,74,0.9815
RF,PCA,45,dos,4000,3733,267,0.93325
RF,PCA,45,injection,4000,3562,438,0.8905
RF,PCA,45,mitm,209,10,199,0.04784688995215311
RF,PCA,45,password,4000,3939,61,0.98475
RF,PCA,45,ransomware,4000,1119,2881,0.27975
RF,PCA,45,scanning,3277,3195,82,0.9749771132133048
RF,PCA,45,xss,3631,2934,697,0.8080418617460755
DT,PCA,69,backdoor,4000,3996,4,0.999
DT,PCA,69,ddos,4000,3983,17,0.99575
DT,PCA,69,dos,4000,3892,108,0.973
DT,PCA,69,injection,4000,3978,22,0.9945
DT,PCA,69,mitm,209,185,24,0.8851674641148325
DT,PCA,69,password,4000,3987,13,0.99675
DT,PCA,69,ransomware,4000,3880,120,0.97
DT,PCA,69,scanning,3277,3253,24,0.9926762282575526
DT,PCA,69,xss,3631,3564,67,0.9815477829798953
RF,PCA,69,backdoor,4000,3998,2,0.9995
RF,PCA,69,ddos,4000,3925,75,0.98125
RF,PCA,69,dos,4000,3743,257,0.93575
RF,PCA,69,injection,4000,3581,419,0.89525
RF,PCA,69,mitm,209,26,183,0.12440191387559808
RF,PCA,69,password,4000,3944,56,0.986
RF,PCA,69,ransomware,4000,1119,2881,0.27975
RF,PCA,69,scanning,3277,3218,59,0.9819957277998169
RF,PCA,69,xss,3631,2951,680,0.8127237675571468
