模型,参数,取值
DT,ccp_alpha,0.0
DT,class_weight,None
DT,criterion,gini
DT,max_depth,None
DT,max_features,None
DT,max_leaf_nodes,None
DT,min_impurity_decrease,0.0
DT,min_samples_leaf,1
DT,min_samples_split,2
DT,min_weight_fraction_leaf,0.0
DT,monotonic_cst,None
DT,random_state,42
DT,splitter,best
RF,bootstrap,True
RF,ccp_alpha,0.0
RF,class_weight,None
RF,criterion,gini
RF,max_depth,5
RF,max_features,sqrt
RF,max_leaf_nodes,None
RF,max_samples,None
RF,min_impurity_decrease,0.0
RF,min_samples_leaf,1
RF,min_samples_split,2
RF,min_weight_fraction_leaf,0.0
RF,monotonic_cst,None
RF,n_estimators,100
RF,n_jobs,4
RF,oob_score,False
RF,random_state,42
RF,verbose,0
RF,warm_start,False
