方案维数,主成分,主成分序号,解释方差比例,累计解释方差
10,PC1,1,0.545197936629749,0.545197936629749
10,PC2,2,0.1341023596115938,0.6793002962413428
10,PC3,3,0.09423123276855176,0.7735315290098945
10,PC4,4,0.046404386661991114,0.8199359156718856
10,PC5,5,0.03581562085748052,0.8557515365293661
10,PC6,6,0.03245341787390549,0.8882049544032715
10,PC7,7,0.022575159359288766,0.9107801137625603
10,PC8,8,0.01547903092734564,0.9262591446899059
10,PC9,9,0.012626589082276558,0.9388857337721824
10,PC10,10,0.011039585417024045,0.9499253191892065
33,PC1,1,0.545197936629749,0.545197936629749
33,PC2,2,0.1341023596115938,0.6793002962413428
33,PC3,3,0.09423123276855176,0.7735315290098945
33,PC4,4,0.046404386661991114,0.8199359156718856
33,PC5,5,0.03581562085748052,0.8557515365293661
33,PC6,6,0.03245341787390549,0.8882049544032715
33,PC7,7,0.022575159359288766,0.9107801137625603
33,PC8,8,0.01547903092734564,0.9262591446899059
33,PC9,9,0.012626589082276558,0.9388857337721824
33,PC10,10,0.011039585417024045,0.9499253191892065
33,PC11,11,0.009370613895759515,0.9592959330849661
33,PC12,12,0.007920942577409433,0.9672168756623755
33,PC13,13,0.004629439671792067,0.9718463153341675
33,PC14,14,0.004302846442585805,0.9761491617767534
33,PC15,15,0.0031619789838825446,0.979311140760636
33,PC16,16,0.002744692788036209,0.9820558335486722
33,PC17,17,0.0026225443934428856,0.9846783779421151
33,PC18,18,0.002017346211756897,0.986695724153872
33,PC19,19,0.0018032625185611124,0.9884989866724331
33,PC20,20,0.0016171869485105453,0.9901161736209436
33,PC21,21,0.0015438953704533889,0.991660068991397
33,PC22,22,0.0013128651036954776,0.9929729340950925
33,PC23,23,0.001293371322293966,0.9942663054173865
33,PC24,24,0.0010991919153001877,0.9953654973326866
33,PC25,25,0.0010513596319605453,0.9964168569646472
33,PC26,26,0.0008523973773603145,0.9972692543420075
33,PC27,27,0.0007005470568825389,0.99796980139889
33,PC28,28,0.0005216677674285632,0.9984914691663186
33,PC29,29,0.00030356734521838066,0.998795036511537
33,PC30,30,0.00027841063512772465,0.9990734471466647
33,PC31,31,0.00019625703857835077,0.9992697041852431
33,PC32,32,0.00016259140966254606,0.9994322955949057
33,PC33,33,8.948192256628474e-05,0.999521777517472
45,PC1,1,0.545197936629749,0.545197936629749
45,PC2,2,0.1341023596115938,0.6793002962413428
45,PC3,3,0.09423123276855176,0.7735315290098945
45,PC4,4,0.046404386661991114,0.8199359156718856
45,PC5,5,0.03581562085748052,0.8557515365293661
45,PC6,6,0.03245341787390549,0.8882049544032715
45,PC7,7,0.022575159359288766,0.9107801137625603
45,PC8,8,0.01547903092734564,0.9262591446899059
45,PC9,9,0.012626589082276558,0.9388857337721824
45,PC10,10,0.011039585417024045,0.9499253191892065
45,PC11,11,0.009370613895759515,0.9592959330849661
45,PC12,12,0.007920942577409433,0.9672168756623755
45,PC13,13,0.004629439671792067,0.9718463153341675
45,PC14,14,0.004302846442585805,0.9761491617767534
45,PC15,15,0.0031619789838825446,0.979311140760636
45,PC16,16,0.002744692788036209,0.9820558335486722
45,PC17,17,0.0026225443934428856,0.9846783779421151
45,PC18,18,0.002017346211756897,0.986695724153872
45,PC19,19,0.0018032625185611124,0.9884989866724331
45,PC20,20,0.0016171869485105453,0.9901161736209436
45,PC21,21,0.0015438953704533889,0.991660068991397
45,PC22,22,0.0013128651036954776,0.9929729340950925
45,PC23,23,0.001293371322293966,0.9942663054173865
45,PC24,24,0.0010991919153001877,0.9953654973326866
45,PC25,25,0.0010513596319605453,0.9964168569646472
45,PC26,26,0.0008523973773603145,0.9972692543420075
45,PC27,27,0.0007005470568825389,0.99796980139889
45,PC28,28,0.0005216677674285632,0.9984914691663186
45,PC29,29,0.00030356734521838066,0.998795036511537
45,PC30,30,0.00027841063512772465,0.9990734471466647
45,PC31,31,0.00019625703857835077,0.9992697041852431
45,PC32,32,0.00016259140966254606,0.9994322955949057
45,PC33,33,8.948192256628474e-05,0.999521777517472
45,PC34,34,7.700418188614365e-05,0.9995987816993581
45,PC35,35,6.448468920242723e-05,0.9996632663885605
45,PC36,36,5.011445949301348e-05,0.9997133808480535
45,PC37,37,4.5786151323096406e-05,0.9997591669993766
45,PC38,38,3.775126263845905e-05,0.9997969182620151
45,PC39,39,3.3821893517065946e-05,0.9998307401555322
45,PC40,40,3.3748806894328036e-05,0.9998644889624265
45,PC41,41,2.4791415219825764e-05,0.9998892803776464
45,PC42,42,1.8037105281638205e-05,0.9999073174829279
45,PC43,43,1.611562983292615e-05,0.9999234331127609
45,PC44,44,1.5195594233267122e-05,0.9999386287069941
45,PC45,45,1.3750743308513585e-05,0.9999523794503027
69,PC1,1,0.545197936629749,0.545197936629749
69,PC2,2,0.1341023596115938,0.6793002962413428
69,PC3,3,0.09423123276855176,0.7735315290098945
69,PC4,4,0.046404386661991114,0.8199359156718856
69,PC5,5,0.03581562085748052,0.8557515365293661
69,PC6,6,0.03245341787390549,0.8882049544032715
69,PC7,7,0.022575159359288766,0.9107801137625603
69,PC8,8,0.01547903092734564,0.9262591446899059
69,PC9,9,0.012626589082276558,0.9388857337721824
69,PC10,10,0.011039585417024045,0.9499253191892065
69,PC11,11,0.009370613895759515,0.9592959330849661
69,PC12,12,0.007920942577409433,0.9672168756623755
69,PC13,13,0.004629439671792067,0.9718463153341675
69,PC14,14,0.004302846442585805,0.9761491617767534
69,PC15,15,0.0031619789838825446,0.979311140760636
69,PC16,16,0.002744692788036209,0.9820558335486722
69,PC17,17,0.0026225443934428856,0.9846783779421151
69,PC18,18,0.002017346211756897,0.986695724153872
69,PC19,19,0.0018032625185611124,0.9884989866724331
69,PC20,20,0.0016171869485105453,0.9901161736209436
69,PC21,21,0.0015438953704533889,0.991660068991397
69,PC22,22,0.0013128651036954776,0.9929729340950925
69,PC23,23,0.001293371322293966,0.9942663054173865
69,PC24,24,0.0010991919153001877,0.9953654973326866
69,PC25,25,0.0010513596319605453,0.9964168569646472
69,PC26,26,0.0008523973773603145,0.9972692543420075
69,PC27,27,0.0007005470568825389,0.99796980139889
69,PC28,28,0.0005216677674285632,0.9984914691663186
69,PC29,29,0.00030356734521838066,0.998795036511537
69,PC30,30,0.00027841063512772465,0.9990734471466647
69,PC31,31,0.00019625703857835077,0.9992697041852431
69,PC32,32,0.00016259140966254606,0.9994322955949057
69,PC33,33,8.948192256628474e-05,0.999521777517472
69,PC34,34,7.700418188614365e-05,0.9995987816993581
69,PC35,35,6.448468920242723e-05,0.9996632663885605
69,PC36,36,5.011445949301348e-05,0.9997133808480535
69,PC37,37,4.5786151323096406e-05,0.9997591669993766
69,PC38,38,3.775126263845905e-05,0.9997969182620151
69,PC39,39,3.3821893517065946e-05,0.9998307401555322
69,PC40,40,3.3748806894328036e-05,0.9998644889624265
69,PC41,41,2.4791415219825764e-05,0.9998892803776464
69,PC42,42,1.8037105281638205e-05,0.9999073174829279
69,PC43,43,1.611562983292615e-05,0.9999234331127609
69,PC44,44,1.5195594233267122e-05,0.9999386287069941
69,PC45,45,1.3750743308513585e-05,0.9999523794503027
69,PC46,46,7.883796672374738e-06,0.9999602632469751
69,PC47,47,7.5108354948697414e-06,0.99996777408247
69,PC48,48,5.2543210989353775e-06,0.9999730284035689
69,PC49,49,4.7454830321639026e-06,0.9999777738866011
69,PC50,50,3.784741514500373e-06,0.9999815586281157
69,PC51,51,3.4231725706578366e-06,0.9999849818006863
69,PC52,52,2.8097470768701316e-06,0.9999877915477632
69,PC53,53,2.2771017205462965e-06,0.9999900686494837
69,PC54,54,1.5139239124270947e-06,0.9999915825733962
69,PC55,55,1.3163296497454816e-06,0.9999928989030459
69,PC56,56,1.1207134601188837e-06,0.999994019616506
69,PC57,57,1.0278643270380555e-06,0.999995047480833
69,PC58,58,8.765713151345958e-07,0.9999959240521481
69,PC59,59,8.765713151345929e-07,0.9999968006234632
69,PC60,60,8.765713151345927e-07,0.9999976771947783
69,PC61,61,8.765713148930466e-07,0.9999985537660931
69,PC62,62,7.729488313672436e-07,0.9999993267149245
69,PC63,63,3.890409698528067e-07,0.9999997157558944
69,PC64,64,2.8424410525474344e-07,0.9999999999999997
69,PC65,65,1.7233685376888908e-31,0.9999999999999997
69,PC66,66,5.240914526444416e-32,0.9999999999999997
69,PC67,67,4.662357274774888e-32,0.9999999999999997
69,PC68,68,2.2549955750000095e-32,0.9999999999999997
69,PC69,69,1.3759699210849653e-32,0.9999999999999997
