输入列名,平均有符号相关,与其他列平均绝对相关,与其他列最大绝对相关
duration,0.02650164296396007,0.018448618131561036,0.46629926967560975
src_bytes,0.02296177706808937,0.01351816345910327,0.6609272905984226
dst_bytes,0.02186735328180645,0.01259253480574821,0.6609272905984226
missed_bytes,0.016783520789977965,0.006827366671823677,0.22282585961105714
src_pkts,0.03428709080455321,0.02660821907485339,0.8921014354333158
src_ip_bytes,0.02872639864604335,0.01945273991170216,0.8921014354333158
dst_pkts,0.03228621748782994,0.0233556897245366,0.6299505457649613
dst_ip_bytes,0.0316983118006294,0.025854749656142623,0.6299505457649612
dns_qclass,0.012884742606347975,0.02452675367276372,0.17321286691080753
dns_qtype,0.01727015902671529,0.0681150229895621,0.44993144138046265
dns_rcode,0.02007975677336454,0.06504984082038236,0.6201417421729296
http_request_body_len,0.03453832705693589,0.03726670464758082,0.8009945912614402
http_response_body_len,0.029016362188868036,0.03865396379438407,0.7734501542177812
http_status_code,0.06141879889425308,0.12062176594912515,0.9717354081184852
dns_query,0.027608442444709915,0.1686970334824611,0.9938770069375729
ssl_version,0.03749404014789344,0.06126765812682231,1.0
ssl_cipher,0.03749404014789344,0.06126765812682231,1.0
ssl_subject,0.0297553264303092,0.02447339774571144,1.0
ssl_issuer,0.0297553264303092,0.02447339774571144,1.0
http_uri,0.062336979920485674,0.12314093430249164,0.9999999999999999
http_user_agent,0.062336979920485674,0.12314093430249164,0.9999999999999999
http_orig_mime_types,0.03883247026811999,0.045044792788953444,0.9534612666589982
http_resp_mime_types,0.048214224363059936,0.09598711202018632,0.8119280846416095
weird_name,0.017470441510347014,0.057118504027836484,0.9999999999999999
proto_icmp,0.006575362628811031,0.01669925164337574,0.16224923019560217
proto_tcp,-0.016230368853020462,0.13995122591765982,0.9781068955541831
proto_udp,0.01495768727362569,0.1420595798514016,0.978106895554183
service_dce_rpc,0.010574583710542585,0.0021714443631370896,0.020475575524255857
service_dhcp,0.010843378901204128,0.001681477695676878,0.013594090867030196
service_dns,0.02734395002628719,0.16744730993096035,0.8988009610558694
service_ftp,0.011530410065682471,0.010527419613612208,0.28967603301826456
service_gssapi,0.010076343967106058,0.0036122501825240887,0.03636404373587976
service_http,-0.001015162829002201,0.06704873132398752,0.5757424218768189
service_n/a,-0.02833019279474074,0.14250115186347914,0.7359373876828915
service_smb,0.012765700487496685,0.0050268707236609264,0.23550245842742268
service_smb;gssapi,0.011989812152087727,0.0022080082139589088,0.10291567398960405
service_ssl,0.020337635072192974,0.04310269833803431,0.45110358037421167
conn_state_OTH,-0.016968004908317,0.08358711436038793,0.4523544118933323
conn_state_REJ,-0.006386173811108995,0.044423987615229844,0.23908219695562963
conn_state_RSTO,0.013137968562699871,0.018854489698927234,0.11235704408382818
conn_state_RSTOS0,0.010900702559748855,0.002380605432422465,0.019754685467937374
conn_state_RSTR,0.017515205926040958,0.02183994723697863,0.28967603301826456
conn_state_RSTRH,0.008299860707461196,0.010093727262820576,0.04987288978965659
conn_state_S0,-0.006347405362759129,0.05222928463188244,0.46379143609497675
conn_state_S1,0.0027035943417709845,0.023503710523041545,0.12878706402772808
conn_state_S2,0.00990977192296037,0.0068969440532196825,0.057183082896455094
conn_state_S3,0.008341932147579443,0.018994094831647504,0.10483466977809668
conn_state_SF,0.014762365197310697,0.10554464756419664,0.7359373876828914
conn_state_SH,0.0014516129199487638,0.02441015724890078,0.13043527808755015
conn_state_SHR,0.005609331235403578,0.04027178605526867,0.34261756565198026
dns_AA_F,0.023884899145494142,0.1517488686942075,0.8957615616491019
dns_AA_T,0.012530402076999743,0.06619675200276164,0.47614781633442677
dns_AA_n/a,-0.02776653724246513,0.16921712272702993,1.0
dns_RD_F,0.018926185943458813,0.13223646453441626,0.8465771267517603
dns_RD_T,0.01907616115538898,0.09360933061416148,0.5975313883137235
dns_RD_n/a,-0.02776653724246513,0.16921712272702993,1.0
dns_RA_F,0.024918227914224725,0.15728646249663755,0.9306277500304088
dns_RA_T,0.010925950195908697,0.05272466289386394,0.5602490586340829
dns_RA_n/a,-0.02776653724246513,0.16921712272702993,1.0
dns_rejected_F,0.022923509778520503,0.15834057703442628,0.9516637276885249
dns_rejected_T,0.018127801008825297,0.050568410427869685,0.6201417421729297
dns_rejected_n/a,-0.02776653724246513,0.16921712272702993,1.0
ssl_resumed_F,0.020823243035436666,0.0599217352865572,0.9932272716385949
ssl_resumed_T,0.028268420054705316,0.0352200791933555,0.9511818135486207
ssl_resumed_n/a,-0.02913835990460587,0.07143573131460024,1.0
ssl_established_F,0.017484165477953846,0.05625380717492107,0.9932272716385949
ssl_established_T,0.03607227391574667,0.043992115574669394,0.9511818135486207
ssl_established_n/a,-0.02913835990460587,0.07143573131460025,1.0
http_trans_depth_1,0.05021814348948379,0.10649341487383497,0.933595036426398
http_trans_depth_10,0.014068055267814693,0.008193572957084646,0.0912720233254066
http_trans_depth_2,0.029970192744653137,0.04259907215282725,0.7734501542177812
http_trans_depth_6,0.014067998875693153,0.0081935159167778,0.0912720233254066
http_trans_depth_7,0.014068105394144947,0.008193623659579617,0.0912720233254066
http_trans_depth_8,0.014068017673066997,0.008193534930213414,0.09127202332540658
http_trans_depth_9,0.014067986344110585,0.008193503241154056,0.09127202332540658
http_trans_depth_n/a,-0.06158699615764907,0.12306032152061541,0.9865335904761305
http_method_GET,0.0529072010652027,0.11069142362459013,0.9593845839929128
http_method_HEAD,0.014615159888368007,0.01273289971238946,0.13563457699957993
http_method_POST,0.03866341508006009,0.045716381969478304,0.9534612666589983
http_method_n/a,-0.06233697992048566,0.1231409343024916,0.9999999999999999
http_version_1.1,0.061745731096957475,0.12287483508493802,0.9999999999999999
http_version_n/a,-0.06174573109695749,0.122874835084938,0.9999999999999999
weird_addl_43,0.011364685365138306,0.005822251217021572,0.1111229568904987
weird_addl_46,0.010779317379162295,0.048675552260389165,0.9667124178517159
weird_addl_48,0.011132786814109959,0.011522101782979919,0.23005371594524548
weird_addl_n/a,-0.014251363538965535,0.05379010839545256,0.9667124178517159
weird_notice_F,0.017470441510347014,0.05711850402783646,0.9999999999999999
weird_notice_n/a,-0.017470441510347004,0.05711850402783646,0.9999999999999999
