阈值,输入列名,平均有符号相关
0.01,proto_icmp,0.006575362628811031
0.01,service_http,-0.001015162829002201
0.01,conn_state_REJ,-0.006386173811108995
0.01,conn_state_RSTRH,0.008299860707461196
0.01,conn_state_S0,-0.006347405362759129
0.01,conn_state_S1,0.0027035943417709845
0.01,conn_state_S2,0.00990977192296037
0.01,conn_state_S3,0.008341932147579443
0.01,conn_state_SH,0.0014516129199487638
0.01,conn_state_SHR,0.005609331235403578
0.015,dns_qclass,0.012884742606347975
0.015,proto_icmp,0.006575362628811031
0.015,proto_udp,0.01495768727362569
0.015,service_dce_rpc,0.010574583710542585
0.015,service_dhcp,0.010843378901204128
0.015,service_ftp,0.011530410065682471
0.015,service_gssapi,0.010076343967106058
0.015,service_http,-0.001015162829002201
0.015,service_smb,0.012765700487496685
0.015,service_smb;gssapi,0.011989812152087727
0.015,conn_state_REJ,-0.006386173811108995
0.015,conn_state_RSTO,0.013137968562699871
0.015,conn_state_RSTOS0,0.010900702559748855
0.015,conn_state_RSTRH,0.008299860707461196
0.015,conn_state_S0,-0.006347405362759129
0.015,conn_state_S1,0.0027035943417709845
0.015,conn_state_S2,0.00990977192296037
0.015,conn_state_S3,0.008341932147579443
0.015,conn_state_SF,0.014762365197310697
0.015,conn_state_SH,0.0014516129199487638
0.015,conn_state_SHR,0.005609331235403578
0.015,dns_AA_T,0.012530402076999743
0.015,dns_RA_T,0.010925950195908697
0.015,http_trans_depth_10,0.014068055267814693
0.015,http_trans_depth_6,0.014067998875693153
0.015,http_trans_depth_7,0.014068105394144947
0.015,http_trans_depth_8,0.014068017673066997
0.015,http_trans_depth_9,0.014067986344110585
0.015,http_method_HEAD,0.014615159888368007
0.015,weird_addl_43,0.011364685365138306
0.015,weird_addl_46,0.010779317379162295
0.015,weird_addl_48,0.011132786814109959
0.015,weird_addl_n/a,-0.014251363538965535
0.02,missed_bytes,0.016783520789977965
0.02,dns_qclass,0.012884742606347975
0.02,dns_qtype,0.01727015902671529
0.02,weird_name,0.017470441510347014
0.02,proto_icmp,0.006575362628811031
0.02,proto_tcp,-0.016230368853020462
0.02,proto_udp,0.01495768727362569
0.02,service_dce_rpc,0.010574583710542585
0.02,service_dhcp,0.010843378901204128
0.02,service_ftp,0.011530410065682471
0.02,service_gssapi,0.010076343967106058
0.02,service_http,-0.001015162829002201
0.02,service_smb,0.012765700487496685
0.02,service_smb;gssapi,0.011989812152087727
0.02,conn_state_OTH,-0.016968004908317
0.02,conn_state_REJ,-0.006386173811108995
0.02,conn_state_RSTO,0.013137968562699871
0.02,conn_state_RSTOS0,0.010900702559748855
0.02,conn_state_RSTR,0.017515205926040958
0.02,conn_state_RSTRH,0.008299860707461196
0.02,conn_state_S0,-0.006347405362759129
0.02,conn_state_S1,0.0027035943417709845
0.02,conn_state_S2,0.00990977192296037
0.02,conn_state_S3,0.008341932147579443
0.02,conn_state_SF,0.014762365197310697
0.02,conn_state_SH,0.0014516129199487638
0.02,conn_state_SHR,0.005609331235403578
0.02,dns_AA_T,0.012530402076999743
0.02,dns_RD_F,0.018926185943458813
0.02,dns_RD_T,0.01907616115538898
0.02,dns_RA_T,0.010925950195908697
0.02,dns_rejected_T,0.018127801008825297
0.02,ssl_established_F,0.017484165477953846
0.02,http_trans_depth_10,0.014068055267814693
0.02,http_trans_depth_6,0.014067998875693153
0.02,http_trans_depth_7,0.014068105394144947
0.02,http_trans_depth_8,0.014068017673066997
0.02,http_trans_depth_9,0.014067986344110585
0.02,http_method_HEAD,0.014615159888368007
0.02,weird_addl_43,0.011364685365138306
0.02,weird_addl_46,0.010779317379162295
0.02,weird_addl_48,0.011132786814109959
0.02,weird_addl_n/a,-0.014251363538965535
0.02,weird_notice_F,0.017470441510347014
0.02,weird_notice_n/a,-0.017470441510347004
0.03,duration,0.02650164296396007
0.03,src_bytes,0.02296177706808937
0.03,dst_bytes,0.02186735328180645
0.03,missed_bytes,0.016783520789977965
0.03,src_ip_bytes,0.02872639864604335
0.03,dns_qclass,0.012884742606347975
0.03,dns_qtype,0.01727015902671529
0.03,dns_rcode,0.02007975677336454
0.03,http_response_body_len,0.029016362188868036
0.03,dns_query,0.027608442444709915
0.03,ssl_subject,0.0297553264303092
0.03,ssl_issuer,0.0297553264303092
0.03,weird_name,0.017470441510347014
0.03,proto_icmp,0.006575362628811031
0.03,proto_tcp,-0.016230368853020462
0.03,proto_udp,0.01495768727362569
0.03,service_dce_rpc,0.010574583710542585
0.03,service_dhcp,0.010843378901204128
0.03,service_dns,0.02734395002628719
0.03,service_ftp,0.011530410065682471
0.03,service_gssapi,0.010076343967106058
0.03,service_http,-0.001015162829002201
0.03,service_n/a,-0.02833019279474074
0.03,service_smb,0.012765700487496685
0.03,service_smb;gssapi,0.011989812152087727
0.03,service_ssl,0.020337635072192974
0.03,conn_state_OTH,-0.016968004908317
0.03,conn_state_REJ,-0.006386173811108995
0.03,conn_state_RSTO,0.013137968562699871
0.03,conn_state_RSTOS0,0.010900702559748855
0.03,conn_state_RSTR,0.017515205926040958
0.03,conn_state_RSTRH,0.008299860707461196
0.03,conn_state_S0,-0.006347405362759129
0.03,conn_state_S1,0.0027035943417709845
0.03,conn_state_S2,0.00990977192296037
0.03,conn_state_S3,0.008341932147579443
0.03,conn_state_SF,0.014762365197310697
0.03,conn_state_SH,0.0014516129199487638
0.03,conn_state_SHR,0.005609331235403578
0.03,dns_AA_F,0.023884899145494142
0.03,dns_AA_T,0.012530402076999743
0.03,dns_AA_n/a,-0.02776653724246513
0.03,dns_RD_F,0.018926185943458813
0.03,dns_RD_T,0.01907616115538898
0.03,dns_RD_n/a,-0.02776653724246513
0.03,dns_RA_F,0.024918227914224725
0.03,dns_RA_T,0.010925950195908697
0.03,dns_RA_n/a,-0.02776653724246513
0.03,dns_rejected_F,0.022923509778520503
0.03,dns_rejected_T,0.018127801008825297
0.03,dns_rejected_n/a,-0.02776653724246513
0.03,ssl_resumed_F,0.020823243035436666
0.03,ssl_resumed_T,0.028268420054705316
0.03,ssl_resumed_n/a,-0.02913835990460587
0.03,ssl_established_F,0.017484165477953846
0.03,ssl_established_n/a,-0.02913835990460587
0.03,http_trans_depth_10,0.014068055267814693
0.03,http_trans_depth_2,0.029970192744653137
0.03,http_trans_depth_6,0.014067998875693153
0.03,http_trans_depth_7,0.014068105394144947
0.03,http_trans_depth_8,0.014068017673066997
0.03,http_trans_depth_9,0.014067986344110585
0.03,http_method_HEAD,0.014615159888368007
0.03,weird_addl_43,0.011364685365138306
0.03,weird_addl_46,0.010779317379162295
0.03,weird_addl_48,0.011132786814109959
0.03,weird_addl_n/a,-0.014251363538965535
0.03,weird_notice_F,0.017470441510347014
0.03,weird_notice_n/a,-0.017470441510347004
0.1,duration,0.02650164296396007
0.1,src_bytes,0.02296177706808937
0.1,dst_bytes,0.02186735328180645
0.1,missed_bytes,0.016783520789977965
0.1,src_pkts,0.03428709080455321
0.1,src_ip_bytes,0.02872639864604335
0.1,dst_pkts,0.03228621748782994
0.1,dst_ip_bytes,0.0316983118006294
0.1,dns_qclass,0.012884742606347975
0.1,dns_qtype,0.01727015902671529
0.1,dns_rcode,0.02007975677336454
0.1,http_request_body_len,0.03453832705693589
0.1,http_response_body_len,0.029016362188868036
0.1,http_status_code,0.06141879889425308
0.1,dns_query,0.027608442444709915
0.1,ssl_version,0.03749404014789344
0.1,ssl_cipher,0.03749404014789344
0.1,ssl_subject,0.0297553264303092
0.1,ssl_issuer,0.0297553264303092
0.1,http_uri,0.062336979920485674
0.1,http_user_agent,0.062336979920485674
0.1,http_orig_mime_types,0.03883247026811999
0.1,http_resp_mime_types,0.048214224363059936
0.1,weird_name,0.017470441510347014
0.1,proto_icmp,0.006575362628811031
0.1,proto_tcp,-0.016230368853020462
0.1,proto_udp,0.01495768727362569
0.1,service_dce_rpc,0.010574583710542585
0.1,service_dhcp,0.010843378901204128
0.1,service_dns,0.02734395002628719
0.1,service_ftp,0.011530410065682471
0.1,service_gssapi,0.010076343967106058
0.1,service_http,-0.001015162829002201
0.1,service_n/a,-0.02833019279474074
0.1,service_smb,0.012765700487496685
0.1,service_smb;gssapi,0.011989812152087727
0.1,service_ssl,0.020337635072192974
0.1,conn_state_OTH,-0.016968004908317
0.1,conn_state_REJ,-0.006386173811108995
0.1,conn_state_RSTO,0.013137968562699871
0.1,conn_state_RSTOS0,0.010900702559748855
0.1,conn_state_RSTR,0.017515205926040958
0.1,conn_state_RSTRH,0.008299860707461196
0.1,conn_state_S0,-0.006347405362759129
0.1,conn_state_S1,0.0027035943417709845
0.1,conn_state_S2,0.00990977192296037
0.1,conn_state_S3,0.008341932147579443
0.1,conn_state_SF,0.014762365197310697
0.1,conn_state_SH,0.0014516129199487638
0.1,conn_state_SHR,0.005609331235403578
0.1,dns_AA_F,0.023884899145494142
0.1,dns_AA_T,0.012530402076999743
0.1,dns_AA_n/a,-0.02776653724246513
0.1,dns_RD_F,0.018926185943458813
0.1,dns_RD_T,0.01907616115538898
0.1,dns_RD_n/a,-0.02776653724246513
0.1,dns_RA_F,0.024918227914224725
0.1,dns_RA_T,0.010925950195908697
0.1,dns_RA_n/a,-0.02776653724246513
0.1,dns_rejected_F,0.022923509778520503
0.1,dns_rejected_T,0.018127801008825297
0.1,dns_rejected_n/a,-0.02776653724246513
0.1,ssl_resumed_F,0.020823243035436666
0.1,ssl_resumed_T,0.028268420054705316
0.1,ssl_resumed_n/a,-0.02913835990460587
0.1,ssl_established_F,0.017484165477953846
0.1,ssl_established_T,0.03607227391574667
0.1,ssl_established_n/a,-0.02913835990460587
0.1,http_trans_depth_1,0.05021814348948379
0.1,http_trans_depth_10,0.014068055267814693
0.1,http_trans_depth_2,0.029970192744653137
0.1,http_trans_depth_6,0.014067998875693153
0.1,http_trans_depth_7,0.014068105394144947
0.1,http_trans_depth_8,0.014068017673066997
0.1,http_trans_depth_9,0.014067986344110585
0.1,http_trans_depth_n/a,-0.06158699615764907
0.1,http_method_GET,0.0529072010652027
0.1,http_method_HEAD,0.014615159888368007
0.1,http_method_POST,0.03866341508006009
0.1,http_method_n/a,-0.06233697992048566
0.1,http_version_1.1,0.061745731096957475
0.1,http_version_n/a,-0.06174573109695749
0.1,weird_addl_43,0.011364685365138306
0.1,weird_addl_46,0.010779317379162295
0.1,weird_addl_48,0.011132786814109959
0.1,weird_addl_n/a,-0.014251363538965535
0.1,weird_notice_F,0.017470441510347014
0.1,weird_notice_n/a,-0.017470441510347004
