模型,输入方案,维数,训练Macro-F1,测试Macro-F1,训练减测试Macro-F1,训练Accuracy,测试Accuracy,树数量,实际最小树深,实际最大树深,平均叶子数
DT,Original,88,0.9848251694267344,0.9152028377406003,0.06962233168613408,0.9859098273336588,0.9198842561558743,1,36,36,1014.0
RF,Original,88,0.9173701367884888,0.8377567150357239,0.07961342175276487,0.9209934972701851,0.8416789560709658,100,5,5,24.54
DT,FS,10,0.7917332708947189,0.7577521728308956,0.03398109806382332,0.8166363353899418,0.772288510524199,1,10,10,17.0
RF,FS,10,0.7401194110188845,0.7217445662442019,0.01837484477468254,0.796822983709885,0.7636412387719533,100,5,5,9.56
DT,FS,33,0.8572144054226705,0.773793032440373,0.08342137298229746,0.8678453326823206,0.7852705903382938,1,19,19,57.0
RF,FS,33,0.7403681327993914,0.7322694747906893,0.008098658008702131,0.7970033068489503,0.7710707422800197,100,5,5,14.16
DT,FS,45,0.8734626611242247,0.7923926015127984,0.08107005961142622,0.8820131830085667,0.8016490146132189,1,21,21,158.0
RF,FS,45,0.8675628451189439,0.7856651050643517,0.08189774005459216,0.8754910337786852,0.7934039415471242,100,5,5,18.26
DT,FS,69,0.967156570154488,0.9082717217352937,0.05888484841919428,0.9697001642327666,0.9134155606202797,1,41,41,1106.0
RF,FS,69,0.8765397154408614,0.7909486279089499,0.08559108753191147,0.8834724133339251,0.7981744648523037,100,5,5,24.08
DT,PCA,10,0.8743126190057262,0.7932749583006342,0.081037660705092,0.882856540458964,0.8025986503999643,1,14,14,150.0
RF,PCA,10,0.8721542031318297,0.7909195688156347,0.08123463431619493,0.8807037595987394,0.8000737364257944,100,5,5,25.46
DT,PCA,33,0.8856108503000955,0.8066899973722805,0.07892085292781492,0.893859026144081,0.8163404388434553,1,28,28,460.0
RF,PCA,33,0.8827202652034274,0.8041488072980334,0.078571457905394,0.8912346309201473,0.8139495910980025,100,5,5,27.9
DT,PCA,45,0.9622402493318389,0.8904368403417167,0.07180340899012227,0.9646927293710329,0.8956070965723735,1,32,32,1268.0
RF,PCA,45,0.882815548084523,0.8042990360321897,0.07851651205233334,0.8913289537928891,0.8141060016981723,100,5,5,28.91
DT,PCA,69,0.9833998855323451,0.916535583936172,0.06686430159617318,0.9845948555195526,0.9211355409572328,1,31,31,960.0
RF,PCA,69,0.8956421503128309,0.8204025688457393,0.07523958146709164,0.9038572506547117,0.830607320016088,100,5,5,29.89
DT,PCA,88,0.9833998855323451,0.9165073000329067,0.06689258549943844,0.9845948555195526,0.9211131965857801,1,31,31,962.0
RF,PCA,88,0.8966898807116852,0.8215999074171068,0.07508997329457845,0.9049197700741267,0.831925637931805,100,5,5,29.48
