模型,输入方案,维数,Pearson阈值,Macro-F1,攻击召回率,攻击精确率,Accuracy,Weighted-F1,MCC,TN,FP,FN,TP,训练准备秒,测试转换秒,模型训练秒,模型预测秒,训练总秒,测试总秒,随机种子,相对Original的Macro-F1变化,相对Original的攻击召回率变化,相对Original的训练总秒变化,相对Original的测试总秒变化
DT,Original,88,,0.9152028377406003,0.9850885368126747,0.8204764453961456,0.9198842561558743,0.9212739235595431,0.8403903992784323,51684,6707,464,30653,0.0,0.0,1.0420223490000353,0.012081058999683592,1.0420223490000353,0.012081058999683592,42,0.0,0.0,0.0,0.0
RF,Original,88,,0.8377567150357239,0.9869203329369798,0.6905158069883528,0.8416789560709658,0.8454433717861144,0.7154898925638542,44627,13764,407,30710,0.0,0.0,3.646590264999759,0.06906329799994637,3.646590264999759,0.06906329799994637,42,0.0,0.0,0.0,0.0
DT,FS,10,0.01,0.7577521728308956,0.7584278690105087,0.6471959413135884,0.772288510524199,0.7758340881025892,0.5215367726744494,45526,12865,7517,23600,0.2085503919997791,0.003265131000262045,0.05577894299995023,0.002036199000031047,0.2643293349997293,0.005301330000293092,42,-0.15745066490970472,-0.22666066780216598,-0.777693014000306,-0.0067797289993905
RF,FS,10,0.01,0.7217445662442019,0.5402191727994344,0.710511855953337,0.7636412387719533,0.7546447691269006,0.4567315938928426,51542,6849,14307,16810,0.2085503919997791,0.003265131000262045,1.7616275739997036,0.04466927300018142,1.9701779659994827,0.047934404000443465,42,-0.116012148791522,-0.44670116013754535,-1.676412299000276,-0.021128893999502907
DT,FS,33,0.015,0.773793032440373,0.8054439695343382,0.655601768291088,0.7852705903382938,0.7893192160584611,0.5583501304287998,45225,13166,6054,25063,0.24800562900009027,0.011384947999886208,0.2257646470002328,0.002976943000248866,0.47377027600032307,0.014361891000135074,42,-0.1414098053002273,-0.17964456727833655,-0.5682520729997123,0.0022808320004514826
RF,FS,33,0.015,0.7322694747906893,0.5614615804865508,0.7184981082414871,0.7710707422800197,0.7633264306088551,0.4755990608384409,51546,6845,13646,17471,0.24800562900009027,0.011384947999886208,2.402492878999965,0.04567980699994223,2.650498508000055,0.05706475499982844,42,-0.10548724024503464,-0.42545875245042897,-0.9960917569997036,-0.011998543000117934
DT,FS,45,0.02,0.7923926015127984,0.8492785294212167,0.6691904484566104,0.8016490146132189,0.8057502423012043,0.5999606676949156,45327,13064,4690,26427,0.33820610399970974,0.018263833000219165,0.2688879160000397,0.0035256040000604116,0.6070940199997494,0.021789437000279577,42,-0.12281023622780185,-0.135810007391458,-0.4349283290002859,0.009708378000595985
RF,FS,45,0.02,0.7856651050643517,0.8678214480830414,0.6525384819853564,0.7934039415471242,0.7980750901437932,0.5936957348528021,44012,14379,4113,27004,0.33820610399970974,0.018263833000219165,2.7228040549998695,0.04730443499965986,3.0610101589995793,0.06556826799987903,42,-0.05209160997137219,-0.11909888485393838,-0.5855801060001795,-0.003495030000067345
DT,FS,69,0.03,0.9082717217352937,0.973133656843526,0.8141148003763947,0.9134155606202797,0.9148905678264952,0.8259449984821968,51477,6914,836,30281,0.41783805400018537,0.02329276699992988,0.7708514849996391,0.005678370999703475,1.1886895389998244,0.028971137999633356,42,-0.006931116005306603,-0.01195487996914868,0.14666718999978912,0.016890078999949765
RF,FS,69,0.03,0.7909486279089499,0.8805797474049555,0.656311377245509,0.7981744648523037,0.8027915145619775,0.6060168113002172,44042,14349,3716,27401,0.41783805400018537,0.02329276699992988,3.505375630999879,0.058095245999993494,3.9232136850000643,0.08138801299992338,42,-0.04680808712677398,-0.1063405855320243,0.2766234200003055,0.012324714999977004
DT,PCA,10,,0.7932749583006342,0.8488928881318893,0.6707379005637093,0.8025986503999643,0.8066525362014774,0.6013605591693565,45424,12967,4702,26415,1.7664860360000603,0.013917658000082156,0.22776368399991043,0.002348015999814379,1.9942497199999707,0.016265673999896535,42,-0.12192787943996608,-0.13619564868078538,0.9522273709999354,0.004184615000212943
RF,PCA,10,,0.7909195688156347,0.8497605810328759,0.6666834753668499,0.8000737364257944,0.8042502734661497,0.5975928301245989,45171,13220,4675,26442,1.7664860360000603,0.013917658000082156,2.2423317540001335,0.044766830000298796,4.008817790000194,0.05868448800038095,42,-0.046837146220089165,-0.1371597519041039,0.362227525000435,-0.01037880999956542
DT,PCA,33,,0.8066899973722805,0.8527493010251631,0.6911596165867889,0.8163404388434553,0.8198509624547756,0.6251400424132109,46534,11857,4582,26535,1.610929438000312,0.009586563000084425,1.0268670440000278,0.003360309000072448,2.63779648200034,0.012946872000156873,42,-0.10851284036831976,-0.1323392357875116,1.5957741330003046,0.0008658130004732811
RF,PCA,33,,0.8041488072980334,0.848925024906,0.6884904086738949,0.8139495910980025,0.8174987836931966,0.6199430950191037,46439,11952,4701,26416,1.610929438000312,0.009586563000084425,3.3253279700002167,0.04557893899982446,4.936257408000529,0.055165501999908884,42,-0.03360790773769051,-0.1379953080309798,1.28966714300077,-0.013897796000037488
DT,PCA,45,,0.8904368403417167,0.9756724619982646,0.7795208873597453,0.8956070965723735,0.8976891324850479,0.7959362213275145,49804,8587,757,30360,1.5703890150002735,0.011667401000067912,1.732541909000247,0.004447325999990426,3.3029309240005205,0.016114727000058338,42,-0.024765997398883632,-0.009416074814410091,2.260908575000485,0.004033668000374746
RF,PCA,45,,0.8042990360321897,0.848925024906,0.6887417218543046,0.8141060016981723,0.8176480993437637,0.6202021078633229,46453,11938,4701,26416,1.5703890150002735,0.011667401000067912,4.164474630999848,0.047448203999920224,5.734863646000122,0.059115604999988136,42,-0.033457679003534246,-0.1379953080309798,2.088273381000363,-0.009947692999958235
DT,PCA,69,,0.916535583936172,0.9871774271298647,0.8218203221146129,0.9211355409572328,0.9225061368221196,0.8431274726007993,51731,6660,399,30718,1.61455363999994,0.016515697999693657,5.283276467999713,0.0073696609997568885,6.897830107999653,0.023885358999450546,42,0.0013327461955716657,0.002088890317189951,5.855807758999617,0.011804299999766954
RF,PCA,69,,0.8204025688457393,0.8517851978018447,0.7152880852786399,0.830607320016088,0.8334473937154473,0.648865667806809,47841,10550,4612,26505,1.61455363999994,0.016515697999693657,6.1056563140000435,0.05747316199995112,7.7202099539999836,0.07398885999964477,42,-0.017354146189984654,-0.1351351351351351,4.073619689000225,0.004925561999698402
DT,PCA,88,,0.9165073000329067,0.986984606485201,0.8218796831513594,0.9211131965857801,0.922482718507105,0.8430393609436243,51735,6656,405,30712,1.6197825120002562,0.019974083000306564,5.680017371999838,0.011606767999637668,7.299799884000095,0.03158085099994423,42,0.0013044622923064075,0.0018960696725263126,6.257777535000059,0.01949979200026064
RF,PCA,88,,0.8215999074171068,0.85049972683742,0.718045418780693,0.831925637931805,0.8346780152492735,0.6507561760039859,47999,10392,4652,26465,1.6197825120002562,0.019974083000306564,7.7900226589999875,0.06939175600018643,9.409805171000244,0.089365839000493,42,-0.016156807618617153,-0.13642060609955975,5.763214906000485,0.020302541000546626
